Country,Year,RGDPL
Australia,1977,350507.06
Australia,1978,364714.63
Australia,1979,375843.06
Australia,1980,388464.47
Australia,1981,401364.81
Australia,1982,392411.31
Australia,1983,410574.16
Australia,1984,432128.03
Australia,1985,449797.41
Australia,1986,461424.19
Australia,1987,488172.56
Australia,1988,507192.63
Australia,1989,525092.63
Australia,1990,522855.97
Australia,1991,524967.88
Australia,1992,546214
Australia,1993,568306.88
Australia,1994,590364
Australia,1995,613667.38
Australia,1996,637867.19
Australia,1997,666130.25
Australia,1998,699465.06
Australia,1999,726548.5
Australia,2000,740561.19
Australia,2001,769169.75
Australia,2002,792854.44
Australia,2003,825810.06
Australia,2004,852372
Australia,2005,877863.63
Australia,2006,910872.56
Australia,2007,944595.75
Australia,2008,960954.38
Australia,2009,979811.88
Australia,2010,1002558
Australia,2011,1039931.5
Australia,2012,1066054
Australia,2013,1093192
Australia,2014,1123096.63
Austria,1950,46511.7
Austria,1951,49393.63
Austria,1952,49201.43
Austria,1953,50817.84
Austria,1954,55011.61
Austria,1955,61310.66
Austria,1956,65090.08
Austria,1957,68869.5
Austria,1958,71389.12
Austria,1959,73488.8
Austria,1960,80207.77
Austria,1961,84407.13
Austria,1962,86086.88
Austria,1963,89866.3
Austria,1964,95325.46
Austria,1965,97845.08
Austria,1966,103304.25
Austria,1967,106663.73
Austria,1968,111283.03
Austria,1969,118421.94
Austria,1970,126820.66
Austria,1971,133305.16
Austria,1972,141580.56
Austria,1973,148500.03
Austria,1974,154356.5
Austria,1975,153797.27
Austria,1976,160836.56
Austria,1977,169007.03
Austria,1978,168651.02
Austria,1979,177685.14
Austria,1980,180761.73
Austria,1981,180500.91
Austria,1982,184131.23
Austria,1983,189605.63
Austria,1984,189702.84
Austria,1985,194442.91
Austria,1986,198917.8
Austria,1987,201617.45
Austria,1988,208262.52
Austria,1989,216357.83
Austria,1990,225759.97
Austria,1991,233529.78
Austria,1992,238418.8
Austria,1993,239674.81
Austria,1994,245432.08
Austria,1995,251980.17
Austria,1996,258023.44
Austria,1997,263712.91
Austria,1998,273101
Austria,1999,282905.28
Austria,2000,292434.69
Austria,2001,296384.06
Austria,2002,301291.78
Austria,2003,303570
Austria,2004,311783.84
Austria,2005,318458.13
Austria,2006,329129.13
Austria,2007,341048.56
Austria,2008,346325.5
Austria,2009,333168.31
Austria,2010,339594.06
Austria,2011,349129.84
Austria,2012,351773.88
Austria,2013,352903.94
Austria,2014,354151.34
Canada,1961,287160.19
Canada,1962,306918.91
Canada,1963,322725.88
Canada,1964,343801.88
Canada,1965,366195.09
Canada,1966,391222.81
Canada,1967,401760.78
Canada,1968,422836.78
Canada,1969,445230
Canada,1970,457085.25
Canada,1971,475906.44
Canada,1972,501823.63
Canada,1973,536771.63
Canada,1974,556583.81
Canada,1975,566730.19
Canada,1976,596196.19
Canada,1977,616814.06
Canada,1978,641200.38
Canada,1979,665597.56
Canada,1980,679991.88
Canada,1981,703812.81
Canada,1982,682555.75
Canada,1983,700070.56
Canada,1984,739077.56
Belgium,1950,75301.31
Belgium,1951,78133.93
Belgium,1952,80034.99
Belgium,1953,82678.4
Belgium,1954,86323.4
Belgium,1955,89390.46
Belgium,1956,92205.7
Belgium,1957,93998.74
Belgium,1958,93499.97
Belgium,1959,96789.13
Belgium,1960,102319.95
Belgium,1961,107500.7
Belgium,1962,113199.53
Belgium,1963,118121.25
Belgium,1964,126410.46
Belgium,1965,130814.11
Belgium,1966,134699.67
Belgium,1967,139880.44
Belgium,1968,146356.38
Belgium,1969,155422.7
Belgium,1970,165784.22
Belgium,1971,172006.13
Belgium,1972,181046.17
Belgium,1973,192130.41
Belgium,1974,200199.17
Belgium,1975,197542.53
Belgium,1976,208709.13
Belgium,1977,210015.92
Belgium,1978,215984.39
Belgium,1979,221040.72
Belgium,1980,230942.23
Belgium,1981,230297.25
Belgium,1982,231667.48
Belgium,1983,232389.92
Belgium,1984,238121.55
Belgium,1985,242054.83
Belgium,1986,246466.91
Belgium,1987,252152.06
Belgium,1988,264061.72
Belgium,1989,273222.47
Belgium,1990,281794.56
Belgium,1991,286960.06
Belgium,1992,291352.44
Belgium,1993,288550
Belgium,1994,297861.41
Belgium,1995,304964.69
Belgium,1996,309823.25
Belgium,1997,321319.41
Belgium,1998,327666.91
Belgium,1999,339341.81
Belgium,2000,351672.88
Belgium,2001,354526.56
Belgium,2002,360838.75
Belgium,2003,363633.56
Belgium,2004,376850.94
Belgium,2005,384743.03
Canada,1950,178231.33
Canada,1951,186020.89
Canada,1952,201602.16
Canada,1953,211532.7
Canada,1954,209159.02
Canada,1955,228482.73
Canada,1956,249638.55
Canada,1957,255985.3
Canada,1958,260216.47
Canada,1959,270794.38
Canada,1960,279256.69
Cyprus,1950,1406.11
Cyprus,1951,1426.98
Cyprus,1952,1576.72
Cyprus,1953,1741
Cyprus,1954,1780.43
Cyprus,1955,1864.53
Cyprus,1956,2189.79
Cyprus,1957,2422.73
Cyprus,1958,2248.96
Cyprus,1959,2375.13
Cyprus,1960,2110.7
Cyprus,1961,2302.4
Cyprus,1962,2523.26
Cyprus,1963,2654.53
Cyprus,1964,2396.16
Cyprus,1965,2906.65
Cyprus,1966,3112.92
Cyprus,1967,3515.06
Cyprus,1968,3708.84
Cyprus,1969,4073.47
Cyprus,1970,4194.32
Cyprus,1971,4738.14
Cyprus,1972,5065.27
Cyprus,1973,5194.46
Cyprus,1974,4315.85
Cyprus,1975,3495.51
Cyprus,1976,4123.76
Cyprus,1977,4774.22
Cyprus,1978,5139.16
Cyprus,1979,5646.47
Cyprus,1980,5980.75
Cyprus,1981,6163.22
Cyprus,1982,6550.98
Cyprus,1983,6899.41
Cyprus,1984,7508.18
Cyprus,1985,7860.55
Cyprus,1986,8159.94
Cyprus,1987,8735.89
Cyprus,1988,9457.82
Cyprus,1989,10222.75
Cyprus,1990,10979.71
Cyprus,1991,11057.21
Cyprus,1992,12092.33
Cyprus,1993,12177.27
Cyprus,1994,12883.27
Cyprus,1995,14161.8
Cyprus,1996,14390.64
Cyprus,1997,14734.69
Cyprus,1998,15479.49
Cyprus,1999,16207.73
Cyprus,2000,17135.31
Cyprus,2001,17750.03
Cyprus,2002,18323.89
Cyprus,2003,18838.64
Cyprus,2004,19705.65
Cyprus,2005,20470.76
Cyprus,2006,21396.53
Cyprus,2007,22452.26
Cyprus,2008,23272.37
Cyprus,2009,22800.17
Canada,1985,773660.81
Canada,1986,790667.13
Canada,1987,822628.13
Canada,1988,861601.38
Canada,1989,882068.63
Canada,1990,883206.25
Canada,1991,864480.13
Canada,1992,871866.06
Canada,1993,894598.81
Canada,1994,935338.94
Canada,1995,960953.13
Canada,1996,977093.31
Canada,1997,1018652.5
Canada,1998,1060806.25
Canada,1999,1113817.5
Canada,2000,1170879.75
Canada,2001,1190648.5
Canada,2002,1224008.88
Canada,2003,1247575
Canada,2004,1286733.75
Canada,2005,1327434.75
Canada,2006,1362237.25
Canada,2007,1389595.13
Canada,2008,1405928.88
Canada,2009,1367807.5
Canada,2010,1413960.75
Canada,2011,1455815.5
Canada,2012,1483808.88
Canada,2013,1513537.13
Canada,2014,1550456.88
Switzerland,1950,96051.63
Switzerland,1951,103833.89
Switzerland,1952,104691.26
Switzerland,1953,108397.73
Switzerland,1954,114465.26
Switzerland,1955,122194.77
Switzerland,1956,130293.6
Switzerland,1957,135477.39
Switzerland,1958,132575.52
Switzerland,1959,140951.36
Switzerland,1960,150804.5
Switzerland,1961,163031.89
Switzerland,1962,170840.55
Switzerland,1963,179176.81
Switzerland,1964,188594.67
Switzerland,1965,194596.25
Switzerland,1966,199384.33
Switzerland,1967,205478.23
Switzerland,1968,212851.61
Switzerland,1969,224841.56
Switzerland,1970,239179.41
Switzerland,1971,248927.02
Switzerland,1972,256893.95
Switzerland,1973,264728.97
Switzerland,1974,268580.53
Switzerland,1975,249019.36
Switzerland,1976,245523.92
Switzerland,1977,251499.13
Switzerland,1978,252527.97
Switzerland,1979,258819.73
Switzerland,1980,270730.56
Switzerland,1981,275065.88
Switzerland,1982,271464.09
Switzerland,1983,273198.97
Switzerland,1984,281418.03
Switzerland,1985,291756.22
Switzerland,1986,297178.88
Switzerland,1987,301890.59
Switzerland,1988,311785.34
Switzerland,1989,325288.13
Switzerland,1990,337241.25
Switzerland,1991,334152.75
Switzerland,1992,334006.59
Switzerland,1993,333585.81
Switzerland,1994,337821.53
Switzerland,1995,339446
Switzerland,1996,341486.41
Switzerland,1997,349381.72
Switzerland,1998,359670.22
Switzerland,1999,365580.94
Switzerland,2000,380007.13
Switzerland,2001,385504.31
Switzerland,2002,386057.09
Switzerland,2003,386249
Switzerland,2004,397229.84
Switzerland,2005,409298.91
Switzerland,2006,425723.19
Switzerland,2007,443349.63
Switzerland,2008,453445.75
Switzerland,2009,443789.09
Switzerland,2010,456897.81
Switzerland,2011,465142.78
Denmark,1950,50297.77
Denmark,1951,49454.2
Denmark,1952,50554.72
Denmark,1953,53693.96
Denmark,1954,56389.57
Denmark,1955,56138.12
Denmark,1956,57267.97
Denmark,1957,59386.03
Denmark,1958,60774.86
Denmark,1959,65639.88
Denmark,1960,69574.53
Denmark,1961,74124.04
Denmark,1962,78671.95
Denmark,1963,79612.66
Denmark,1964,86355.51
Denmark,1965,89859.86
Denmark,1966,93036.68
Denmark,1967,98367.8
Denmark,1968,103870.89
Denmark,1969,110577.79
Denmark,1970,112297.51
Denmark,1971,115668.55
Denmark,1972,120497.7
Denmark,1973,125027.5
Denmark,1974,124007.34
Denmark,1975,122492.65
Denmark,1976,129956.73
Denmark,1977,132528.39
Denmark,1978,135542.81
Denmark,1979,140896.92
Denmark,1980,140210
Denmark,1981,138966.47
Denmark,1982,144127.66
Denmark,1983,147949.72
Denmark,1984,154112.67
Cyprus,2010,23111.22
Cyprus,2011,23204.67
Cyprus,2012,22636.61
Cyprus,2013,21292.2
Cyprus,2014,20760.53
Czech Republic,1990,192227.8
Czech Republic,1991,169900.64
Czech Republic,1992,169040.03
Czech Republic,1993,169144.67
Czech Republic,1994,174065.61
Czech Republic,1995,184894.94
Czech Republic,1996,192813.63
Czech Republic,1997,191513.53
Czech Republic,1998,190908.28
Czech Republic,1999,193653.64
Czech Republic,2000,201969.39
Czech Republic,2001,208132.53
Czech Republic,2002,211560.38
Czech Republic,2003,219180.44
Czech Republic,2004,230024.3
Czech Republic,2005,244843.08
Czech Republic,2006,261679.81
Czech Republic,2007,276148.78
Czech Republic,2008,283635.06
Czech Republic,2009,269902.06
Czech Republic,2010,276096.56
Czech Republic,2011,281526.31
Czech Republic,2012,278991.69
Czech Republic,2013,277518.16
Czech Republic,2014,283007.88
Germany,1950,442715.03
United Kingdom,1950,522552.59
United Kingdom,1951,544855.19
United Kingdom,1952,549122.31
United Kingdom,1953,574452.5
United Kingdom,1954,591526.81
United Kingdom,1955,608731.94
United Kingdom,1956,614828.63
United Kingdom,1957,622461.25
United Kingdom,1958,624467.06
United Kingdom,1959,644147
United Kingdom,1960,671028.25
United Kingdom,1961,685483.81
United Kingdom,1962,697548.94
United Kingdom,1963,724527.94
United Kingdom,1964,765203.25
United Kingdom,1965,782998.63
United Kingdom,1966,798251.88
United Kingdom,1967,816047.25
United Kingdom,1968,874517.94
United Kingdom,1969,866891.31
United Kingdom,1970,884686.75
United Kingdom,1971,915488.56
United Kingdom,1972,954187.88
United Kingdom,1973,1016591.56
United Kingdom,1974,990963.81
United Kingdom,1975,975607.88
United Kingdom,1976,1005152.06
United Kingdom,1977,1031256.31
United Kingdom,1978,1073846.63
United Kingdom,1979,1113323
United Kingdom,1980,1089171.63
United Kingdom,1981,1079948.13
United Kingdom,1982,1102361.38
United Kingdom,1983,1148680.25
United Kingdom,1984,1174644.88
United Kingdom,1985,1222960.88
United Kingdom,1986,1261708.5
United Kingdom,1987,1331860.63
United Kingdom,1988,1410707.38
United Kingdom,1989,1446244.5
United Kingdom,1990,1454250.63
United Kingdom,1991,1435970.13
United Kingdom,1992,1442380.38
United Kingdom,1993,1480387.13
United Kingdom,1994,1539957.38
United Kingdom,1995,1578790.88
United Kingdom,1996,1620910.13
United Kingdom,1997,1671141.5
United Kingdom,1998,1727567
United Kingdom,1999,1781341.75
United Kingdom,2000,1849012.13
United Kingdom,2001,1900008.63
United Kingdom,2002,1947393.13
United Kingdom,2003,2012371.13
United Kingdom,2004,2062448.13
United Kingdom,2005,2124246.5
United Kingdom,2006,2180790.25
United Kingdom,2007,2237186.25
United Kingdom,2008,2226741.25
United Kingdom,2009,2133397.5
United Kingdom,2010,2166255.5
United Kingdom,2011,2208982.75
United Kingdom,2012,2235028
United Kingdom,2013,2283302.5
United Kingdom,2014,2350437.25
Ireland,1984,65826.56
Ireland,1985,67108.53
Ireland,1986,67392.99
Ireland,1987,69846.66
Ireland,1988,71940.66
Ireland,1989,75979.55
Ireland,1990,81838.02
Ireland,1991,83181.39
Ireland,1992,86158.88
Ireland,1993,88152.63
Ireland,1994,93348.18
Ireland,1995,102303.16
Ireland,1996,111785.66
Ireland,1997,124281.05
Ireland,1998,135358.45
Ireland,1999,149925.78
Ireland,2000,165261.31
Ireland,2001,174901.84
Ireland,2002,185285.2
Ireland,2003,192404.78
Ireland,2004,200879.88
Ireland,2005,213603.84
Ireland,2006,227081.67
Ireland,2007,239668.25
Ireland,2008,234485.64
Ireland,2009,221264.48
Ireland,2010,222146.47
Ireland,2011,227895.81
Ireland,2012,228240.2
Ireland,2013,231513.84
Ireland,2014,243551.11
Australia,1950,119859.34
Australia,1951,122907.88
Australia,1952,117876.98
Australia,1953,130664.97
Australia,1954,141111
Australia,1955,146676.98
Australia,1956,147013.64
Australia,1957,150233.72
Australia,1958,160424.41
Australia,1959,170251.41
Australia,1960,174210.73
Australia,1961,176586.34
Australia,1962,187672.47
Australia,1963,200342.34
Australia,1964,213012.22
Australia,1965,217763.42
Australia,1966,231225.16
Australia,1967,243103.17
Australia,1968,260524.23
Australia,1969,279529.03
Australia,1970,290615.19
Australia,1971,301984.03
Australia,1972,309830.09
Australia,1973,322520.88
Australia,1974,326833.63
Australia,1975,335297.88
Australia,1976,347391.47
Finland,1950,27038.48
Finland,1951,29301.75
Finland,1952,30788.08
Finland,1953,30672.37
Finland,1954,33172.5
Finland,1955,35885.66
Finland,1956,36939.15
Finland,1957,37095.24
Finland,1958,37058.25
Finland,1959,39778.94
Finland,1960,43139.28
Finland,1961,46420.06
Finland,1962,47804.2
Finland,1963,49374.52
Finland,1964,52173.47
Finland,1965,54731
Finland,1966,56265.51
Finland,1967,57288.52
Finland,1968,58311.53
Finland,1969,63938.08
Finland,1970,69053.13
Finland,1971,70680.66
Finland,1972,76148.15
Finland,1973,81466.2
Finland,1974,84102.88
Finland,1975,85620.86
Finland,1976,85915.72
Finland,1977,86121.5
Finland,1978,88635.99
Finland,1979,94948.59
Finland,1980,100065.41
Finland,1981,101361.03
Finland,1982,104490.41
Finland,1983,107751.61
Finland,1984,111214.88
Finland,1985,115148.21
Finland,1986,118287.31
Finland,1987,122497.27
Finland,1988,128879.2
Finland,1989,135436.19
Finland,1990,136351.45
Finland,1991,128287.05
Finland,1992,124021.98
Finland,1993,123111.04
Finland,1994,127960.71
Finland,1995,133344.19
Finland,1996,138223.02
Finland,1997,146864.45
Finland,1998,154837.02
Finland,1999,161718.19
Finland,2000,170830.75
Finland,2001,175239.55
Finland,2002,178184.14
Finland,2003,181737.09
Finland,2004,188872.2
Finland,2005,194122.77
Finland,2006,201994.83
Finland,2007,212467.86
Finland,2008,213999.05
Finland,2009,196303.39
Finland,2010,202177.44
Finland,2011,207375.06
Finland,2012,204417.5
Finland,2013,202125.58
Finland,2014,201307.58
Hungary,1970,91624.65
Hungary,1971,97305.38
Hungary,1972,103241.01
Hungary,1973,110364.63
Hungary,1974,116876.15
Hungary,1975,124122.47
Hungary,1976,128426.61
Hungary,1977,137085.13
Hungary,1978,143377.94
Hungary,1979,145565.02
Hungary,1980,145655
Hungary,1981,149830.56
Hungary,1982,154087.38
Hungary,1983,155201.38
Hungary,1984,159326.7
Hungary,1985,158923.5
Hungary,1986,161362.89
Hungary,1987,167900.08
Hungary,1988,167790.5
Hungary,1989,169026.16
Hungary,1990,163115.88
Hungary,1991,143718.08
Hungary,1992,139314.3
Hungary,1993,138511.69
Hungary,1994,142593.84
Hungary,1995,144717.81
Hungary,1996,144780.39
Hungary,1997,149739.14
Hungary,1998,156042.89
Hungary,1999,161105.17
Hungary,2000,167915.75
Hungary,2001,174379.06
Hungary,2002,182192.7
Hungary,2003,189196.02
Hungary,2004,198537.98
Spain,1950,124629.84
Spain,1951,145604.05
Spain,1952,152603.14
Spain,1953,147275.39
Spain,1954,167613.06
Spain,1955,177724.69
Spain,1956,191466.91
Spain,1957,199901.05
Spain,1958,208623.5
Spain,1959,202953.19
Spain,1960,226579.28
Spain,1961,255697.28
Spain,1962,283063.5
Spain,1963,311481.41
Spain,1964,328272.81
Spain,1965,351836.41
Spain,1966,379267.88
Spain,1967,394638.34
Spain,1968,419290.25
Spain,1969,459052.84
Spain,1970,476929.47
Spain,1971,499104.19
Spain,1972,539779.88
Spain,1973,581820.44
Spain,1974,614511.69
Spain,1975,617843.63
Spain,1976,638255.88
Spain,1977,656373.25
Spain,1978,665976
Spain,1979,666252.69
Spain,1980,680968.44
Spain,1981,680066.31
Spain,1982,688543.13
Spain,1983,700731.13
Spain,1984,713237
Spain,1985,729794.31
Spain,1986,753536.88
Spain,1987,795336.5
Spain,1988,835853.5
Spain,1989,876200.44
Spain,1990,909333
Spain,1991,932484.63
Spain,1992,941149.44
Spain,1993,931441.5
Spain,1994,953639.63
Spain,1995,979936.13
Spain,1996,1006146.75
Spain,1997,1043269.63
Spain,1998,1088192.5
Spain,1999,1136996.38
Spain,2000,1197133.25
Spain,2001,1245031.63
Spain,2002,1280886
Spain,2003,1321715
Spain,2004,1363570.5
Spain,2005,1414336.75
Spain,2006,1473372.88
Spain,2007,1528903.5
Spain,2008,1545965
Spain,2009,1490715.25
Spain,2010,1490921.13
Spain,2011,1476010.75
Spain,2012,1437334.75
Spain,2013,1413302.88
Spain,2014,1432533.25
Estonia,1990,20913.06
Estonia,1991,19240.05
Estonia,1992,15167.19
Estonia,1993,14296.52
Estonia,1994,14011.76
Estonia,1995,14609.44
Estonia,1996,15387.22
Estonia,1997,17202.7
Estonia,1998,17910.98
Estonia,1999,17757.59
Estonia,2000,19634.22
Estonia,2001,20876.81
Estonia,2002,22145.37
Estonia,2003,23787.71
Estonia,2004,25285.08
Estonia,2005,27655.23
Estonia,2006,30495.95
Estonia,2007,32858.83
Estonia,2008,31078.06
Estonia,2009,26502
Estonia,2010,27154.69
Estonia,2011,29213.87
Estonia,2012,30727.9
Estonia,2013,31209.65
Estonia,2014,32116.76
Japan,1964,850603.81
Japan,1965,898858.75
Japan,1966,990977.56
Japan,1967,1100816.75
Japan,1968,1231912.25
Japan,1969,1379164.63
Japan,1970,1520975.13
Japan,1971,1592445.63
Japan,1972,1726426.75
Japan,1973,1865103.75
Japan,1974,1842251.75
Japan,1975,1899206.38
Japan,1976,1974699.5
Japan,1977,2061395.5
Japan,1978,2170071
Japan,1979,2289078.75
Japan,1980,2353575.5
Japan,1981,2451880.75
Japan,1982,2534671.25
Japan,1983,2612250.75
Japan,1984,2728859
Japan,1985,2901687.5
Japan,1986,2983836.5
Japan,1987,3106395.25
Japan,1988,3328399.75
Japan,1989,3507140
Japan,1990,3702571.75
Japan,1991,3825658
Japan,1992,3856991.25
Japan,1993,3863589
Japan,1994,3896954.25
Japan,1995,3972646.5
Japan,1996,4076334.75
Japan,1997,4141377.75
Japan,1998,4058420
Japan,1999,4050330
Japan,2000,4141766
Belgium,2006,394359.53
Belgium,2007,407757.78
Belgium,2008,410804.16
Belgium,2009,401417.78
Belgium,2010,412235.28
Belgium,2011,419642.5
Belgium,2012,420277.25
Belgium,2013,420346.81
Belgium,2014,426014.59
Switzerland,2012,470373.91
Switzerland,2013,478694.03
Switzerland,2014,487738.84
Greece,1951,34150.98
Greece,1952,33632.33
Greece,1953,36570.26
Greece,1954,38194.77
Greece,1955,40235.82
Greece,1956,43772.98
Greece,1957,46905.14
Greece,1958,49062.69
Greece,1959,50884.79
Greece,1960,52067.66
Greece,1961,58942.59
Greece,1962,59157.61
Greece,1963,66164.76
Greece,1964,72390.65
Greece,1965,80185.68
Greece,1966,85393.34
Greece,1967,90234.7
Greece,1968,96734.96
Greece,1969,107921.07
Greece,1970,117559.05
Greece,1971,126777.07
Greece,1972,139657.81
Greece,1973,150959.45
Greece,1974,141240.31
Greece,1975,150232.81
Greece,1976,160526.63
Greece,1977,165247.7
Greece,1978,177222.98
Greece,1979,183039.58
Greece,1980,184279
Greece,1981,181415.83
Greece,1982,179361.02
Greece,1983,177426.39
Greece,1984,180993.69
Greece,1985,185535.83
Greece,1986,186496.28
Greece,1987,182283.58
Greece,1988,190099.64
Greece,1989,197323.44
Greece,1990,197323.44
Greece,1991,203440.45
Greece,1992,204864.55
Greece,1993,201586.7
Greece,1994,205618.44
Greece,1995,209935.86
Greece,1996,215944.48
Greece,1997,225627.88
Greece,1998,234415.86
Greece,1999,241618.52
Greece,2000,251778.95
Greece,2001,261455.66
Greece,2002,271712.22
Greece,2003,287456.69
Greece,2004,302005.09
Greece,2005,303814.53
Greece,2006,320987.44
Greece,2007,331495.75
Greece,2008,330384.66
Greece,2009,316175.72
Greece,2010,298853.59
Greece,2011,271560.81
Greece,2012,251735.53
Greece,2013,243684.42
Greece,2014,245278.08
Italy,1950,290721.66
Italy,1951,316140.47
Italy,1952,329748.28
Italy,1953,350075.34
Italy,1954,364410.22
Italy,1955,383902.75
Italy,1956,399709.88
Italy,1957,414899.5
Italy,1958,434363.03
Italy,1959,462687.59
Italy,1960,500748.09
Italy,1961,542361.5
Italy,1962,575652.25
Italy,1963,607555.81
Italy,1964,624201.19
Italy,1965,645007.94
Italy,1966,683847.13
Italy,1967,732396.13
Italy,1968,780945.06
Italy,1969,828106.94
Italy,1970,932140.5
Italy,1971,949087.81
Italy,1972,984113.75
Italy,1973,1054240.38
Italy,1974,1112225.13
Italy,1975,1088977.75
Italy,1976,1166571.63
Italy,1977,1196441.75
Italy,1978,1235208.13
Italy,1979,1308816.13
Italy,1980,1353708.75
Italy,1981,1365137.13
Italy,1982,1370783.13
Italy,1983,1386810.38
Italy,1984,1431546.75
Italy,1985,1471602.75
Italy,1986,1513690.13
Italy,1987,1562006.5
Italy,1988,1627523
Italy,1989,1682669.75
Italy,1990,1716083.75
Italy,1991,1742484.75
Italy,1992,1757021.88
Italy,1993,1742037.88
Italy,1994,1779509.5
Italy,1995,1830881.13
Italy,1996,1854441.63
Italy,1997,1888486.88
Italy,1998,1919027.25
Italy,1999,1948985.5
Italy,2000,2021295.75
Bulgaria,1970,35436.48
Bulgaria,1971,37880.38
Bulgaria,1972,40782.51
Bulgaria,1973,44112.32
Bulgaria,1974,47442.13
Bulgaria,1975,51627.29
Bulgaria,1976,54987.65
Bulgaria,1977,58439.65
Bulgaria,1978,61708.36
Bulgaria,1979,65801.89
Bulgaria,1980,69559.38
Bulgaria,1981,72967.9
Bulgaria,1982,74671.38
Bulgaria,1983,77232.84
Bulgaria,1984,79856.01
Bulgaria,1985,81998.9
Bulgaria,1986,85449.09
Bulgaria,1987,90622.62
Bulgaria,1988,100540.98
Bulgaria,1989,97233.3
Bulgaria,1990,88368.17
Bulgaria,1991,80905.16
Bulgaria,1992,75037.78
Bulgaria,1993,73926.97
Bulgaria,1994,75271.05
Bulgaria,1995,77423.98
Bulgaria,1996,70148.34
Bulgaria,1997,69384.57
Bulgaria,1998,71787.23
Bulgaria,1999,67472.9
Bulgaria,2000,70853.93
Bulgaria,2001,73863.82
Bulgaria,2002,78309.04
Bulgaria,2003,82285.2
Bulgaria,2004,87679.45
Bulgaria,2005,94024.11
Bulgaria,2006,100373.69
Bulgaria,2007,108077.72
Bulgaria,2008,114180.87
Bulgaria,2009,109362.75
Bulgaria,2010,109422.41
Bulgaria,2011,111155.64
Bulgaria,2012,111419.16
Bulgaria,2013,112847.42
Bulgaria,2014,114595.27
Germany,1951,485673.63
Germany,1952,531006.38
Germany,1953,578307.56
Germany,1954,623234.44
Germany,1955,698660.56
Germany,1956,752617.56
Germany,1957,798275.06
Germany,1958,833867.56
Germany,1959,899431.69
Germany,1960,976826.06
Germany,1961,1025667.38
Germany,1962,1074508.63
Germany,1963,1103813.38
Germany,1964,1172191.25
Germany,1965,1240569.13
Germany,1966,1269873.88
Germany,1967,1269873.88
Germany,1968,1338251.75
Germany,1969,1435934.38
Germany,1970,1504312.25
Germany,1971,1551437.88
Germany,1972,1618154.88
Germany,1973,1695462.13
Germany,1974,1710552.75
Germany,1975,1695726.75
Germany,1976,1779652.63
Germany,1977,1839221.5
Germany,1978,1894554.5
Germany,1979,1973185.38
Germany,1980,2000984.13
Germany,1981,2011574.13
Germany,1982,2003631.63
Germany,1983,2035136.88
Germany,1984,2092587.75
Germany,1985,2141302
Germany,1986,2190280.75
Germany,1987,2220991.75
Germany,1988,2303329.25
Germany,1989,2393079.5
Germany,1990,2518836
Germany,1991,2647504.75
Germany,1992,2698437.5
Germany,1993,2672636.25
Germany,1994,2738312.75
Germany,1995,2785894.75
Germany,1996,2808680.5
Germany,1997,2860618.75
Germany,1998,2917248
Germany,1999,2975217.75
Germany,2000,3063345
Germany,2001,3115283
Germany,2002,3115283
Germany,2003,3093167.5
Germany,2004,3129356.5
Germany,2005,3151472.25
Germany,2006,3268081.75
Germany,2007,3374638.75
Germany,2008,3411163
Germany,2009,3219494.5
Germany,2010,3350847.75
Germany,2011,3473488.75
Germany,2012,3487562.25
Germany,2013,3497949.75
Germany,2014,3553909
Croatia,1990,78218.66
Croatia,1991,61723.41
Croatia,1992,54493.63
Croatia,1993,50120.1
Croatia,1994,53062.47
Croatia,1995,56688.66
Croatia,1996,60018.38
Croatia,1997,64006.88
Croatia,1998,65198.61
Croatia,1999,64588.68
Croatia,2000,67022.05
Croatia,2001,69323.87
Croatia,2002,72960.92
Croatia,2003,77016.02
Croatia,2004,80160.45
Croatia,2005,83498.09
Croatia,2006,87493.69
Croatia,2007,91999.62
Bosnia and Herzegovina,1990,7541.6
Bosnia and Herzegovina,1991,6836.61
Bosnia and Herzegovina,1992,6396.55
Bosnia and Herzegovina,1993,6257.02
Bosnia and Herzegovina,1994,6953.54
Bosnia and Herzegovina,1995,8399.88
Bosnia and Herzegovina,1996,12952.56
Bosnia and Herzegovina,1997,17698.52
Bosnia and Herzegovina,1998,20639.37
Bosnia and Herzegovina,1999,22604.57
Bosnia and Herzegovina,2000,23828.45
Bosnia and Herzegovina,2001,24469.18
Bosnia and Herzegovina,2002,25702.68
Bosnia and Herzegovina,2003,26704.68
Bosnia and Herzegovina,2004,28390.95
Bosnia and Herzegovina,2005,29498.54
Bosnia and Herzegovina,2006,31177.5
Bosnia and Herzegovina,2007,32963.58
Bosnia and Herzegovina,2008,34770.48
Bosnia and Herzegovina,2009,33772.61
Bosnia and Herzegovina,2010,34031.72
Bosnia and Herzegovina,2011,34340.82
Bosnia and Herzegovina,2012,34020.36
Bosnia and Herzegovina,2013,34834.86
Bosnia and Herzegovina,2014,35268.91
Belarus,1990,89382.84
Belarus,1991,88144.28
Belarus,1992,79643.57
Belarus,1993,73621.84
Belarus,1994,65020.22
Belarus,1995,58227.03
Belarus,1996,59843.69
Belarus,1997,66678.66
Belarus,1998,72309.3
Belarus,1999,74802.96
Belarus,2000,79132.26
Belarus,2001,82883.38
Belarus,2002,86999.83
Belarus,2003,93076.06
Belarus,2004,103642.55
Belarus,2005,113372.09
Belarus,2006,124735.95
Belarus,2007,135404.11
Belarus,2008,149275.98
Belarus,2009,149501.22
Belarus,2010,161073.78
Belarus,2011,170003.36
Belarus,2012,172970.69
Belarus,2013,174715.91
Belarus,2014,177510.5
France,1950,332713.97
France,1951,351198.09
France,1952,362572.94
France,1953,375369.63
France,1954,396697.44
France,1955,418025.25
France,1956,439353.06
France,1957,463524.59
France,1958,476321.28
France,1959,489118
France,1960,528929.94
France,1961,555945.13
France,1962,592913.38
France,1963,631303.44
France,1964,672537.25
France,1965,705239.88
France,1966,742208.13
France,1967,779176.31
France,1968,813300.81
France,1969,871596.88
France,1970,925627.38
France,1971,975109.06
France,1972,1019394.69
France,1973,1083723.13
France,1974,1130228.5
France,1975,1119150.75
France,1976,1167433.75
France,1977,1207726.63
France,1978,1255779.63
France,1979,1300473.88
France,1980,1321127.63
France,1981,1335366.5
France,1982,1368864.38
France,1983,1386061.75
France,1984,1407192.25
France,1985,1430033.88
France,1986,1463657.38
France,1987,1501381.38
France,1988,1572455.75
France,1989,1640908.5
France,1990,1688724.13
France,1991,1706272
France,1992,1733566.75
France,1993,1722946.25
France,1994,1763356
France,1995,1800123
France,1996,1825108.88
France,1997,1867768.88
France,1998,1934189.25
France,1999,2000089
France,2000,2077595.75
France,2001,2118201.25
France,2002,2141892.5
France,2003,2159446
France,2004,2219617.25
France,2005,2255302.25
France,2006,2308864.5
France,2007,2363388.5
France,2008,2368004
France,2009,2298353
France,2010,2343530.75
France,2011,2392258
France,2012,2396628.5
France,2013,2412362
France,2014,2416693.75
Japan,1950,259066.97
Japan,1951,282244.66
Japan,1952,317139.31
Japan,1953,338400.03
Japan,1954,355235.91
Japan,1955,380197.16
Japan,1956,408688.31
Japan,1957,440631.34
Japan,1958,468003.09
Japan,1959,512066.41
Japan,1960,578942.38
Japan,1961,647565.19
Denmark,1985,160314.84
Denmark,1986,168249.2
Denmark,1987,168737.03
Denmark,1988,168496.3
Denmark,1989,169461.61
Denmark,1990,172185.61
Denmark,1991,174424.77
Denmark,1992,177870.45
Denmark,1993,177711.08
Denmark,1994,187530.31
Denmark,1995,193278.45
Denmark,1996,198883.78
Denmark,1997,205369.17
Denmark,1998,209924.55
Denmark,1999,216113.16
Denmark,2000,224210.67
Denmark,2001,226056.28
Denmark,2002,227110.38
Denmark,2003,227996.31
Denmark,2004,234013.03
Denmark,2005,239716
Denmark,2006,248817.39
Denmark,2007,250868.69
Denmark,2008,249067.56
Denmark,2009,236395.16
Denmark,2010,240236.89
Denmark,2011,243004.77
Denmark,2012,242826.59
Denmark,2013,242234.63
Denmark,2014,245291.41
Iceland,1950,1121.83
Iceland,1951,1105.91
Iceland,1952,1084.12
Iceland,1953,1245.24
Iceland,1954,1363.9
Iceland,1955,1511.92
Iceland,1956,1556.8
Iceland,1957,1559.32
Iceland,1958,1701.83
Iceland,1959,1750.33
Iceland,1960,1796.19
Iceland,1961,1794.67
Iceland,1962,1943.87
Iceland,1963,2143.77
Iceland,1964,2356.34
Iceland,1965,2528.11
Iceland,1966,2748.98
Iceland,1967,2714.13
Iceland,1968,2565.55
Iceland,1969,2626.46
Iceland,1970,2822.36
Iceland,1971,3190.98
Iceland,1972,3388.1
Iceland,1973,3618.7
Iceland,1974,3825.19
Iceland,1975,3849.91
Iceland,1976,4079.34
Iceland,1977,4439.23
Iceland,1978,4706.32
Iceland,1979,4935.08
Iceland,1980,5218.74
Iceland,1981,5441.32
Iceland,1982,5558.56
Iceland,1983,5438.99
Iceland,1984,5663.57
Iceland,1985,5850.06
Iceland,1986,6216.89
Iceland,1987,6748.18
Iceland,1988,6742.13
Iceland,1989,6759.55
Iceland,1990,6838.6
Iceland,1991,6823.31
Iceland,1992,6593.1
Iceland,1993,6679.7
Iceland,1994,6920.76
Iceland,1995,6928.82
Iceland,1996,7260.37
Iceland,1997,7617.09
Iceland,1998,8113.73
Iceland,1999,8451.52
Iceland,2000,8850.74
Iceland,2001,9183.76
Iceland,2002,9225.39
Iceland,2003,9478.33
Iceland,2004,10257.49
Iceland,2005,10868.87
Iceland,2006,11326.05
Iceland,2007,12401.23
Iceland,2008,12584.61
Iceland,2009,11995.5
Iceland,2010,11565.03
Iceland,2011,11794.95
Iceland,2012,11934.48
Iceland,2013,12399.44
Iceland,2014,12625.94
Lithuania,1990,52595.89
Lithuania,1991,49610.73
Lithuania,1992,39064
Lithuania,1993,32725.14
Lithuania,1994,29529.18
Lithuania,1995,30500.71
Lithuania,1996,32071.49
Lithuania,1997,34731.25
Lithuania,1998,37324.7
Lithuania,1999,36901.2
Lithuania,2000,38315.13
Lithuania,2001,40814.97
Lithuania,2002,43574.37
Lithuania,2003,48166.48
Lithuania,2004,51321.42
Lithuania,2005,55287.24
Lithuania,2006,59382.06
Lithuania,2007,65965.72
Lithuania,2008,67699.35
Lithuania,2009,57670.26
Lithuania,2010,58615.95
Lithuania,2011,62159.23
Lithuania,2012,64543.41
Lithuania,2013,66831.03
Lithuania,2014,68857.55
Luxembourg,1950,3451.82
Luxembourg,1951,3301.59
Luxembourg,1952,3487.87
Luxembourg,1953,3570.05
Luxembourg,1954,3541.5
Luxembourg,1955,3712.67
Luxembourg,1956,3871.33
Italy,2001,2057129.38
Italy,2002,2062288.25
Italy,2003,2065436.25
Italy,2004,2098137.75
Italy,2005,2118062
Italy,2006,2160559
Italy,2007,2192408.25
Italy,2008,2169391.75
Italy,2009,2050479.25
Italy,2010,2085554.38
Italy,2011,2097792.75
Italy,2012,2038678.25
Italy,2013,2003054.13
Italy,2014,1994163
Luxembourg,1972,6705.96
Luxembourg,1973,7263.4
Luxembourg,1974,7569.37
Luxembourg,1975,7071.96
Luxembourg,1976,7251.19
Luxembourg,1977,7365.01
Luxembourg,1978,7665.14
Luxembourg,1979,7844.93
Luxembourg,1980,7910.9
Luxembourg,1981,7867.31
Luxembourg,1982,7956.32
Luxembourg,1983,8194.14
Luxembourg,1984,8701.1
Luxembourg,1985,8944.01
Luxembourg,1986,9836.98
Luxembourg,1987,10225.63
Luxembourg,1988,11091.06
Luxembourg,1989,12177.76
Luxembourg,1990,12825.61
Luxembourg,1991,13934.28
Luxembourg,1992,14187.84
Luxembourg,1993,14783.82
Luxembourg,1994,15348.7
Luxembourg,1995,15568.52
Luxembourg,1996,15804.41
Luxembourg,1997,16742.84
Luxembourg,1998,17829.67
Luxembourg,1999,19330.99
Luxembourg,2000,20962.88
Luxembourg,2001,21414.18
Luxembourg,2002,22189.54
Luxembourg,2003,22499.68
Luxembourg,2004,23492.16
Luxembourg,2005,24247.77
Luxembourg,2006,25486.98
Luxembourg,2007,27626.78
Luxembourg,2008,27393.85
Luxembourg,2009,25920.88
Luxembourg,2010,27392.32
Luxembourg,2011,28095.12
Luxembourg,2012,27857.14
Luxembourg,2013,29068
Luxembourg,2014,30250.86
Latvia,1990,38741.31
Latvia,1991,34707.36
Latvia,1992,22608.78
Latvia,1993,19247.15
Latvia,1994,19371.47
Latvia,1995,19214.43
Latvia,1996,19666.75
Latvia,1997,21435.36
Latvia,1998,22835.78
Latvia,1999,23434.42
Latvia,2000,24700.08
Latvia,2001,26295.03
Latvia,2002,28165.07
Latvia,2003,30537.86
Latvia,2004,33085.18
Latvia,2005,36625.82
Latvia,2006,40985.09
Latvia,2007,45067.41
Latvia,2008,43446.05
Latvia,2009,37212.01
Latvia,2010,35805.29
Latvia,2011,38029.33
Latvia,2012,39552.5
Latvia,2013,40747.63
Latvia,2014,41708.95
Netherlands,1961,167461.22
Netherlands,1962,174986.22
Netherlands,1963,180959.28
Netherlands,1964,197987.53
Netherlands,1965,209066.67
Netherlands,1966,215087.63
Netherlands,1967,227124.77
Netherlands,1968,243434.52
Netherlands,1969,261200.42
Netherlands,1970,278101.63
Netherlands,1971,290107.28
Netherlands,1972,300359.25
Netherlands,1973,316711.5
Netherlands,1974,327602.31
Netherlands,1975,327609.03
Netherlands,1976,342208.31
Netherlands,1977,350833.47
Netherlands,1978,360292.78
Netherlands,1979,367549.69
Netherlands,1980,372481.81
Netherlands,1981,369563
Netherlands,1982,364977.63
Netherlands,1983,372532.56
Netherlands,1984,383938.31
Netherlands,1985,393844.63
Netherlands,1986,404820.88
Netherlands,1987,412639.09
Netherlands,1988,426838.91
Netherlands,1989,445705.59
Netherlands,1990,464350.53
Netherlands,1991,475676.63
Netherlands,1992,483791.97
Netherlands,1993,489875.97
Netherlands,1994,504381.59
Netherlands,1995,520098.34
Netherlands,1996,538648.81
Netherlands,1997,561809.94
Netherlands,1998,587234.19
Netherlands,1999,616899.44
Netherlands,2000,643048.44
Netherlands,2001,656708.38
Netherlands,2002,657388.94
Netherlands,2003,659255.38
Netherlands,2004,672642.94
Netherlands,2005,687174.5
Albania,1970,8099.76
Albania,1971,8423.82
Albania,1972,8761.95
Albania,1973,9113.99
Albania,1974,9475.88
Albania,1975,9859.95
Albania,1976,10257.3
Albania,1977,10650.06
Albania,1978,11108.2
Albania,1979,11548.09
Albania,1980,11921.25
Albania,1981,12606.19
Albania,1982,12977.9
Albania,1983,13121.3
Albania,1984,12957.07
Albania,1985,13187.79
Albania,1986,13925.61
Albania,1987,13815.86
Albania,1988,13619.67
Albania,1989,14959.37
Albania,1990,13526.92
Albania,1991,9739.09
Albania,1992,9037.93
Albania,1993,9905.59
Albania,1994,10727.77
Albania,1995,12154.55
Albania,1996,13260.83
Albania,1997,11823.64
Albania,1998,12888.8
Albania,1999,14628.94
Albania,2000,15598.07
Albania,2001,16836.58
Albania,2002,17548.99
Albania,2003,18556.28
Albania,2004,19609.02
Albania,2005,20738.39
Albania,2006,21864.69
Albania,2007,23155.87
Albania,2008,24900.96
Albania,2009,25736.21
Albania,2010,26690.22
Albania,2011,27369.61
Albania,2012,27813.99
Albania,2013,28201.34
Albania,2014,28794.26
Ireland,1950,22781
Ireland,1951,23559.36
Ireland,1952,23153.75
Ireland,1953,24008.08
Ireland,1954,24191.7
Ireland,1955,25309.28
Ireland,1956,24442.22
Ireland,1957,23744.36
Ireland,1958,23670.8
Ireland,1959,25019.81
Ireland,1960,25991.06
Ireland,1961,27285.71
Ireland,1962,28334.56
Ireland,1963,29746.07
Ireland,1964,31047.02
Ireland,1965,31789.71
Ireland,1966,31861.7
Ireland,1967,33500.82
Ireland,1968,36548.32
Ireland,1969,39143.63
Ireland,1970,39843.81
Ireland,1971,41670.9
Ireland,1972,44550.63
Ireland,1973,47065.7
Ireland,1974,48292.53
Ireland,1975,48954.19
Ireland,1976,50558.22
Ireland,1977,53733.69
Ireland,1978,57592.13
Ireland,1979,60014.46
Ireland,1980,61753.83
Ireland,1981,63305.23
Ireland,1982,64251.36
Ireland,1983,63782.68
Malta,1998,7073.22
Malta,1999,7407.07
Malta,2000,7908.55
Malta,2001,7956.66
Malta,2002,8193.99
Malta,2003,8402.43
Malta,2004,8439.68
Malta,2005,8759.01
Malta,2006,8919.19
Malta,2007,9274.75
Malta,2008,9585.13
Malta,2009,9349.12
Malta,2010,9680.33
Malta,2011,9884.51
Malta,2012,10134.46
Malta,2013,10402.3
Malta,2014,10770.91
Montenegro,1990,8879.59
Montenegro,1991,7920.15
Montenegro,1992,6058.61
Montenegro,1993,3845.4
Montenegro,1994,3902.74
Montenegro,1995,4460.82
Montenegro,1996,5691.66
Montenegro,1997,6066.26
Montenegro,1998,6345.3
Montenegro,1999,5817.8
Montenegro,2000,6662.56
Montenegro,2001,6735.84
Montenegro,2002,6864.09
Montenegro,2003,7034.5
Montenegro,2004,7345.86
Montenegro,2005,7652.96
Montenegro,2006,8308.53
Montenegro,2007,9194.06
Montenegro,2008,9830.53
Montenegro,2009,9274.42
Montenegro,2010,9502.92
Montenegro,2011,9809.72
Montenegro,2012,9542.52
Montenegro,2013,9881.18
Montenegro,2014,10057.44
Norway,2012,410383.88
Norway,2013,414482.41
Norway,2014,423662.19
New Zealand,1950,25284.53
New Zealand,1951,24806.82
New Zealand,1952,24804.61
Hungary,2005,207183.56
Hungary,2006,215069.72
Hungary,2007,215985.52
Hungary,2008,217798.39
Hungary,2009,203512.83
Hungary,2010,205025.33
Hungary,2011,208628.66
Hungary,2012,205105.13
Hungary,2013,208981.14
Hungary,2014,216655.39
Macedonia,1990,17267.02
Macedonia,1991,16726.53
Macedonia,1992,15362.32
Macedonia,1993,15174.24
Macedonia,1994,14894.72
Macedonia,1995,14728.67
Macedonia,1996,14903.2
Macedonia,1997,15117.82
Macedonia,1998,15628.69
Macedonia,1999,16306.8
Macedonia,2000,17048.7
Macedonia,2001,16525.78
Macedonia,2002,16772.6
Macedonia,2003,17145.38
Macedonia,2004,17946.85
Macedonia,2005,18794.6
Macedonia,2006,19760.07
Macedonia,2007,21039.23
Macedonia,2008,22190.49
Macedonia,2009,22110.91
Macedonia,2010,22853.56
Macedonia,2011,23388.36
Macedonia,2012,23281.69
Macedonia,2013,23902.15
Macedonia,2014,24802.68
Malta,1954,627.24
Malta,1955,627.24
Malta,1956,702.28
Malta,1957,700.35
Malta,1958,736.91
Malta,1959,733.06
Malta,1960,775.8
Malta,1961,769.62
Malta,1962,736.91
Malta,1963,735.53
Malta,1964,750.28
Malta,1965,803.16
Malta,1966,888.82
Malta,1967,951.4
Malta,1968,1046.8
Malta,1969,1114.03
Malta,1970,1254.48
Malta,1971,1285.27
Malta,1972,1360.3
Malta,1973,1416.7
Malta,1974,1558.89
Malta,1975,1863.81
Malta,1976,2180.98
Malta,1977,2446.71
Malta,1978,2719.79
Malta,1979,3005.12
Malta,1980,3216.97
Malta,1981,3323.51
Malta,1982,3399.43
Malta,1983,3378.62
Malta,1984,3410.46
Malta,1985,3498.63
Malta,1986,3634.55
Malta,1987,3783.95
Malta,1988,4102.34
Malta,1989,4437.88
Malta,1990,4717.08
Malta,1991,5012.21
Malta,1992,5247.33
Malta,1993,5482.45
Malta,1994,5792.26
Malta,1995,6159.64
Malta,1996,6392.31
Malta,1997,6728.35
Sweden,1987,240369.16
Sweden,1988,246520.3
Sweden,1989,253064.94
Sweden,1990,254974.75
Sweden,1991,252052.81
Sweden,1992,249132.55
Sweden,1993,243986.42
Sweden,1994,253959.61
Sweden,1995,264179.72
Sweden,1996,268189.63
Sweden,1997,275968.41
Sweden,1998,287633
Sweden,1999,300663.22
Sweden,2000,314900.5
Sweden,2001,319823.69
Sweden,2002,326455.47
Sweden,2003,334243.84
Sweden,2004,348684.97
Sweden,2005,358512.06
Sweden,2006,375319.56
Sweden,2007,388099
Sweden,2008,385937.09
Sweden,2009,365927.56
Sweden,2010,387842.72
Sweden,2011,398176.41
Sweden,2012,397036.34
Sweden,2013,401964.41
Sweden,2014,411337.53
Turkey,1979,356553.94
Turkey,1980,347833.38
Turkey,1981,364721.25
Turkey,1982,377715.63
Turkey,1983,396484.53
Turkey,1984,423095.72
Turkey,1985,441041.69
Turkey,1986,471982.03
Turkey,1987,516746.09
Turkey,1988,527702.94
Turkey,1989,529030.88
Turkey,1990,577994.31
Turkey,1991,583349.5
Turkey,1992,618258.81
Turkey,1993,667979.31
Turkey,1994,631536.56
Turkey,1995,676951.75
Turkey,1996,724374.38
Turkey,1997,778911.13
Turkey,1998,802994
Japan,2001,4156488.5
Japan,2002,4168523.5
Japan,2003,4238767.5
Japan,2004,4338833.5
Japan,2005,4395357
Japan,2006,4469766
Japan,2007,4567751.5
Japan,2008,4520172
Japan,2009,4270343.5
Japan,2010,4471535.5
Japan,2011,4451222.5
Japan,2012,4528771.5
Japan,2013,4600669.5
Japan,2014,4596361.5
Moldova,1990,32539.84
Moldova,1991,26850.95
Moldova,1992,19051.26
Moldova,1993,18828.54
Moldova,1994,13006.91
Moldova,1995,12828.03
Moldova,1996,12074.12
Moldova,1997,12273
Moldova,1998,11470.08
Moldova,1999,11083.74
Moldova,2000,11317.35
Moldova,2001,12012.4
Moldova,2002,12950.52
Moldova,2003,13808.28
Moldova,2004,14825.02
Moldova,2005,15937.11
Moldova,2006,16699.64
Moldova,2007,17200.37
Moldova,2008,18548.46
Moldova,2009,17437.49
Moldova,2010,18674.51
Moldova,2011,19947.29
Moldova,2012,19801
Moldova,2013,21662.34
Moldova,2014,22613.74
Netherlands,1950,100282.26
Netherlands,1951,102749.08
Netherlands,1952,104526.16
Netherlands,1953,114110.83
Netherlands,1954,122569.88
Netherlands,1955,131939
Netherlands,1956,138156.34
Netherlands,1957,142428.98
Netherlands,1958,141015.94
Netherlands,1959,147970.94
Netherlands,1960,162604.22
Romania,1960,41145.8
Romania,1961,47462.59
Romania,1962,50999.41
Romania,1963,56827.27
Romania,1964,59282.98
Romania,1965,64870.28
Romania,1966,68747.83
Romania,1967,77874.44
Romania,1968,83176.29
Romania,1969,88904.09
Romania,1970,96557.64
Romania,1971,109110.13
Romania,1972,120697.05
Romania,1973,133249.55
Romania,1974,149664.34
Romania,1975,165113.56
Romania,1976,183459.52
Romania,1977,198908.73
Romania,1978,213392.38
Romania,1979,226910.45
Romania,1980,236566.22
Romania,1981,236832.02
Romania,1982,246173.16
Romania,1983,261058.22
Romania,1984,276646.31
Romania,1985,276375.13
Romania,1986,282833.13
Romania,1987,285194
Romania,1988,283776.66
Romania,1989,267352.69
Romania,1990,252338.84
Romania,1991,219741.17
Romania,1992,200476.06
Romania,1993,203541.02
Romania,1994,211544.13
Romania,1995,226644.59
Romania,1996,235415.31
Romania,1997,224077.33
Romania,1998,219400.22
Romania,1999,218519.27
Romania,2000,223753.08
Romania,2001,236265.34
Romania,2002,248513.78
Romania,2003,262242.34
Romania,2004,284162.22
Romania,2005,296017.16
United States,1950,2254261.75
United States,1951,2435924
United States,1952,2535115.75
United States,1953,2654125
United States,1954,2639158.5
United States,1955,2827117
United States,1956,2887395.5
United States,1957,2948190.5
United States,1958,2926515
United States,1959,3128510.75
United States,1960,3208710.5
United States,1961,3290665
United States,1962,3491938.5
United States,1963,3643977
United States,1964,3854127.25
United States,1965,4104635
United States,1966,4375270.5
United States,1967,4495312
United States,1968,4715990
United States,1969,4864106.5
United States,1970,4873912.5
United States,1971,5034354.5
United States,1972,5298624.5
United States,1973,5597607.5
United States,1974,5568680
United States,1975,5557626
United States,1976,5857021.5
United States,1977,6126974
United States,1978,6467694
United States,1979,6673077
United States,1980,6656753.5
Netherlands,2006,711353.75
Netherlands,2007,737663
Netherlands,2008,750196.31
Netherlands,2009,721931.94
Netherlands,2010,732058.31
Netherlands,2011,744237
Netherlands,2012,736370.13
Netherlands,2013,732722.31
Netherlands,2014,740131.06
Norway,1950,54145.14
Norway,1951,55345.68
Norway,1952,58181.72
Norway,1953,62227.85
Norway,1954,64619.38
Norway,1955,66188.39
Norway,1956,68121.05
Norway,1957,70915.32
Norway,1958,71968.48
Norway,1959,74129.77
Norway,1960,77340.84
Norway,1961,82192.7
Norway,1962,84505.54
Norway,1963,87704.12
Norway,1964,92097.79
Norway,1965,96965.7
Norway,1966,100637.07
Norway,1967,106933.54
Norway,1968,109348.52
Norway,1969,114274.8
Norway,1970,116558.46
Norway,1971,123106.25
Norway,1972,129591.57
Norway,1973,135395.73
Norway,1974,140565.94
Norway,1975,147629.91
Norway,1976,156181.34
Norway,1977,162645.97
Norway,1978,168914.3
Norway,1979,176275.14
Norway,1980,184214.84
Norway,1981,187065.58
Norway,1982,187299.39
Norway,1983,194542.08
Norway,1984,206008.64
Norway,1985,217038.31
Norway,1986,225801.52
Norway,1987,229820.78
Norway,1988,229423.34
Norway,1989,231712.05
Norway,1990,236176.72
Norway,1991,243511.08
Norway,1992,252090.34
Norway,1993,259115.06
Norway,1994,272204.06
Norway,1995,283599.47
Norway,1996,297858.84
Norway,1997,313599.75
Norway,1998,321829.84
Norway,1999,328309.25
Norway,2000,338832.5
Norway,2001,345898.28
Norway,2002,350871.28
Norway,2003,354098.75
Norway,2004,368117.66
Norway,2005,377779.72
Norway,2006,386827.88
Norway,2007,398161.03
Norway,2008,399691.19
Norway,2009,393206.06
Norway,2010,395572.91
Norway,2011,399405.16
United States,1981,6829490
United States,1982,6699008
United States,1983,7009355
United States,1984,7518162.5
United States,1985,7836877.5
United States,1986,8112098.5
United States,1987,8392898
United States,1988,8745706
United States,1989,9067624
United States,1990,9241600
United States,1991,9234885
United States,1992,9563208
United States,1993,9825721
United States,1994,10222333
United States,1995,10511666
United States,1996,10910675
United States,1997,11400236
United States,1998,11907535
New Zealand,1953,25332.25
New Zealand,1954,28318.61
New Zealand,1955,29460.82
New Zealand,1956,29876.73
New Zealand,1957,31434.75
New Zealand,1958,31642.87
New Zealand,1959,32856.29
New Zealand,1960,38068.8
New Zealand,1961,40064.84
New Zealand,1962,40899.23
New Zealand,1963,43501.01
New Zealand,1964,45757.52
New Zealand,1965,48936.97
New Zealand,1966,52021.78
New Zealand,1967,49238.21
New Zealand,1968,49068.63
New Zealand,1969,53880.65
New Zealand,1970,53643.26
New Zealand,1971,55673.91
New Zealand,1972,58523.91
New Zealand,1973,63088.94
New Zealand,1974,66870.14
New Zealand,1975,65712.16
New Zealand,1976,66322.5
New Zealand,1977,63711.82
New Zealand,1978,63914.47
New Zealand,1979,65315.35
New Zealand,1980,66153.48
New Zealand,1981,69233.44
New Zealand,1982,69877.39
New Zealand,1983,72316.93
New Zealand,1984,75783.83
New Zealand,1985,77007.48
New Zealand,1986,79091.15
New Zealand,1987,79845.25
New Zealand,1988,79564.94
New Zealand,1989,79689.2
New Zealand,1990,79800.77
New Zealand,1991,78932.28
New Zealand,1992,79811.36
New Zealand,1993,84928.38
New Zealand,1994,89264.48
New Zealand,1995,93364.73
New Zealand,1996,96746.2
New Zealand,1997,98658.29
New Zealand,1998,99252.81
New Zealand,1999,104727.13
New Zealand,2000,107621.38
New Zealand,2001,111312.11
New Zealand,2002,116749.7
New Zealand,2003,122156.93
New Zealand,2004,126819.23
New Zealand,2005,131144.73
New Zealand,2006,134769.09
New Zealand,2007,138757.08
New Zealand,2008,136515.95
New Zealand,2009,136172.8
New Zealand,2010,138135.02
New Zealand,2011,141198.73
New Zealand,2012,144269.52
New Zealand,2013,147932.7
New Zealand,2014,152694.58
Japan,1962,703234.31
Japan,1963,765030.19
Romania,2006,319863.03
Romania,2007,341817.59
Romania,2008,370731.88
Romania,2009,344532.88
Romania,2010,341781.94
Romania,2011,345392.13
Romania,2012,347606.09
Romania,2013,359882.13
Romania,2014,369877.31
Sweden,1950,77311.22
Sweden,1951,79528.02
Sweden,1952,80774.98
Sweden,1953,83545.99
Sweden,1954,88395.26
Sweden,1955,91027.72
Sweden,1956,94075.84
Sweden,1957,96292.64
Sweden,1958,98648
Sweden,1959,103912.92
Sweden,1960,107792.34
Sweden,1961,113888.56
Sweden,1962,118737.84
Sweden,1963,124972.61
Sweden,1964,133562.75
Sweden,1965,138550.56
Sweden,1966,141321.58
Sweden,1967,146863.59
Sweden,1968,151020.11
Sweden,1969,159333.16
Sweden,1970,169031.69
Sweden,1971,170628.44
Sweden,1972,174533.69
Sweden,1973,181459.14
Sweden,1974,187262.56
Sweden,1975,192043.13
Sweden,1976,194075.14
Sweden,1977,190977.19
Sweden,1978,194322.25
Sweden,1979,201784.23
Sweden,1980,205214.52
Sweden,1981,206147.89
Sweden,1982,208721.98
Sweden,1983,212689.03
Sweden,1984,221684.8
Sweden,1985,226474.02
Sweden,1986,232569.16
Turkey,1950,69329.52
Turkey,1951,85676.58
Turkey,1952,92840.96
Turkey,1953,104853.78
Turkey,1954,94846.33
Turkey,1955,104528.01
Turkey,1956,105686.68
Turkey,1957,128691.68
Turkey,1958,138803.56
Turkey,1959,136168.64
Turkey,1960,134438.55
Turkey,1961,136749.11
Turkey,1962,145055.48
Turkey,1963,158730.59
Turkey,1964,165302.63
Turkey,1965,169629.98
Turkey,1966,190193.48
Turkey,1967,197725.91
Turkey,1968,210907.63
Turkey,1969,222206.25
Turkey,1970,233504.86
Turkey,1971,246506.16
Turkey,1972,264811.72
Turkey,1973,273449.28
Turkey,1974,288746.59
Turkey,1975,309458.78
Turkey,1976,341837.56
Turkey,1977,353476.5
Turkey,1978,358794.56
Luxembourg,1957,4068.48
Luxembourg,1958,4121.39
Luxembourg,1959,4127.69
Luxembourg,1960,4303.98
Luxembourg,1961,4455.17
Luxembourg,1962,4510.89
Luxembourg,1963,4598.76
Luxembourg,1964,5012.86
Luxembourg,1965,5100.08
Luxembourg,1966,5160.9
Luxembourg,1967,5201.32
Luxembourg,1968,5473.04
Luxembourg,1969,6061.67
Luxembourg,1970,6127.44
Luxembourg,1971,6290.87
Poland,1970,247634
Poland,1971,265996.38
Poland,1972,278440.22
Poland,1973,290083.84
Poland,1974,310711
Poland,1975,329171.47
Poland,1976,355260.25
Poland,1977,380435.28
Poland,1978,400979.78
Poland,1979,416406
Poland,1980,391421.59
Poland,1981,352391.84
Poland,1982,335593.44
Poland,1983,354265.25
Poland,1984,374248.5
Poland,1985,387862.06
Poland,1986,404250.63
Poland,1987,412165.28
Poland,1988,429199.03
Poland,1989,429887.28
Poland,1990,380248.5
Poland,1991,353571.88
Poland,1992,362464.13
Poland,1993,376014.16
Poland,1994,395915.84
Poland,1995,423439.34
Poland,1996,449085.59
Poland,1997,478094.28
Poland,1998,500156.53
Poland,1999,523375.13
Poland,2000,547238.56
Poland,2001,554068.31
Poland,2002,565380.19
Poland,2003,585521.31
Poland,2004,615591.38
Poland,2005,637427
Poland,2006,676901.13
Poland,2007,725649.31
Poland,2008,754097.63
Poland,2009,773962.13
Poland,2010,802589.81
Poland,2011,842787.63
Poland,2012,855949.5
Poland,2013,866774.88
Poland,2014,895673.56
Portugal,1950,28547.76
Portugal,1951,31177.65
Portugal,1952,32447.12
Portugal,1953,34154.35
Portugal,1954,35678.19
Portugal,1955,37128.16
Portugal,1956,38849
Portugal,1957,40742.53
Portugal,1958,41060.45
Portugal,1959,43384.83
Portugal,1960,46569.71
Portugal,1961,49815.14
Portugal,1962,52626.32
Portugal,1963,55660.61
Portugal,1964,58539.64
Portugal,1965,62676.59
Portugal,1966,64694.84
Portugal,1967,69282.47
Croatia,2008,93888.7
Croatia,2009,86956.16
Croatia,2010,85476.83
Croatia,2011,85236.41
Croatia,2012,83371.92
Croatia,2013,82484.91
Croatia,2014,82187.61
United States,1999,12465426
United States,2000,12975535
United States,2001,13102174
United States,2002,13336194
United States,2003,13710512
United States,2004,14229557
United States,2005,14705564
United States,2006,15097712
United States,2007,15366229
United States,2008,15321422
United States,2009,14896173
United States,2010,15273331
United States,2011,15517931
United States,2012,15863049
United States,2013,16099333
United States,2014,16490192
Portugal,1968,78219.89
Portugal,1969,80463.5
Portugal,1970,86356.5
Portugal,1971,92083.37
Portugal,1972,99464.48
Portugal,1973,110605.18
Portugal,1974,111869.24
Portugal,1975,107005.58
Portugal,1976,114389.21
Portugal,1977,120797.98
Portugal,1978,124199.61
Portugal,1979,131203.14
Portugal,1980,137224.5
Portugal,1981,139444.94
Portugal,1982,142422.61
Portugal,1983,142176.06
Portugal,1984,139503.17
Portugal,1985,143419.64
Portugal,1986,149358.59
Portugal,1987,158889.75
Portugal,1988,170789.17
Portugal,1989,181789.09
Portugal,1990,188970.7
Portugal,1991,197225.34
Portugal,1992,199374.06
Portugal,1993,195300.3
Portugal,1994,197184.63
Portugal,1995,205629.61
Portugal,1996,212819.83
Portugal,1997,222239.69
Portugal,1998,232888.91
Portugal,1999,241944.13
Portugal,2000,251107.75
Portugal,2001,255987.53
Portugal,2002,257955.55
Portugal,2003,255545.72
Portugal,2004,260175.14
Portugal,2005,262170.13
Portugal,2006,266241.78
Portugal,2007,272876.53
Portugal,2008,273420.28
Portugal,2009,265277.53
Portugal,2010,270314.34
Portugal,2011,265376.09
Portugal,2012,254686.08
Portugal,2013,251807.72
Portugal,2014,254088.59
Turkey,1999,775970.44
Turkey,2000,828538.25
Turkey,2001,781332.44
Turkey,2002,829492.56
Turkey,2003,873167.5
Turkey,2004,954920.5
Turkey,2005,1035149.31
Turkey,2006,1106507.25
Turkey,2007,1158165.38
Turkey,2008,1165795.75
Turkey,2009,1109536
Turkey,2010,1211135.63
Turkey,2011,1317385.5
Turkey,2012,1345412.38
Turkey,2013,1401818.88
Turkey,2014,1442669.88
