Country,Year,NGDP,NDispIncome,NFinalConsumption,NSavings
Australia,1959,16602,13932,11341,2592
Australia,1960,17560,14724,12090,2634
Australia,1961,17779,14966,12541,2425
Australia,1962,19222,16112,13367,2745
Australia,1963,21240,17893,14491,3402
Australia,1964,23182,19452,15848,3604
Australia,1965,24366,20317,17059,3259
Australia,1966,27163,22595,18538,4057
Australia,1967,29187,24110,20384,3726
Australia,1968,32733,27149,22135,5013
Australia,1969,36881,30317,24617,5700
Australia,1970,40344,33395,27373,6022
Australia,1971,44515,37089,30518,6571
Australia,1972,49782,42036,34140,7895
Australia,1973,60323,50806,40709,10096
Australia,1974,71199,60845,51393,9452
Australia,1975,83276,70757,60933,9823
Australia,1976,96130,81284,70835,10448
Australia,1977,104974,87742,78948,8794
Australia,1978,118659,99542,87286,12256
Australia,1979,134524,112935,97806,15129
Australia,1980,152282,128759,111828,16931
Australia,1981,175781,145967,129067,16900
Australia,1982,189313,157748,146390,11358
Australia,1983,213667,177735,159845,17889
Australia,1984,235280,195558,173621,21937
Australia,1985,260590,214168,195575,18593
Australia,1986,286185,232989,216133,16857
Australia,1987,324545,265047,237751,27296
Australia,1988,368358,298823,264223,34600
Australia,1989,404698,325031,292222,32809
Australia,1990,415444,329571,312604,16967
Australia,1991,423498,335337,329801,5535
Australia,1992,444569,356643,342743,13900
Australia,1993,467210,376402,355395,21007
Australia,1994,496150,395258,377220,18038
Australia,1995,529598,424157,400683,23474
Australia,1996,557246,449543,417335,32208
Australia,1997,589394,474866,443919,30947
Australia,1998,621000,499722,473121,26601
Australia,1999,661515,534186,501122,33064
Australia,2000,706042,568437,539424,29013
Australia,2001,754228,609024,570024,39000
Australia,2002,801587,647550,610775,36775
Australia,2003,862219,697905,652161,45744
Australia,2004,922845,736872,694793,42079
Australia,2005,998458,795023,740339,54684
Australia,2006,1087440,860083,802132,57951
Australia,2007,1178809,937991,866104,71887
Australia,2008,1259280,1007858,906581,101277
Australia,2009,1297508,1029077,952605,76472
Australia,2010,1410442,1124887,1013365,111522
Australia,2011,1491741,1207046,1070745,136301
Australia,2012,1527529,1237408,1110409,126999
Australia,2013,1589940,1278931,1161670,117261
Australia,2014,1617016,1296260,1208049,88211
Australia,2015,1654864,1323513,1265996,57516
Australia,2016,1714573,..,..,..
Austria,1970,28977,24570,20060,4209
Austria,1971,32349,27430,22484,4630
Austria,1972,36969,31305,25405,5483
Austria,1973,41896,35485,28785,6232
Austria,1974,47686,40374,32985,6918
Austria,1975,50581,42665,37103,5572
Austria,1976,55872,47338,41476,5944
Austria,1977,61762,52078,46281,5844
Austria,1978,65326,54851,48158,6782
Austria,1979,71657,60324,52473,7982
Austria,1980,76966,64449,56896,7636
Austria,1981,82017,68154,61806,6325
Austria,1982,88147,73250,66930,6261
Austria,1983,93920,78419,72457,5843
Austria,1984,98619,82262,75047,7157
Austria,1985,104079,86984,79309,7616
Austria,1986,109616,91278,82887,8353
Austria,1987,113811,94656,85894,8726
Austria,1988,119357,99853,89185,10727
Austria,1989,127673,106854,94566,12411
Austria,1990,137217,115029,101254,13943
Austria,1991,147109,122396,108099,14451
Austria,1992,155414,129236,115799,13488
Austria,1993,160540,133107,120820,12233
Austria,1994,168548,139553,126536,12971
Austria,1995,176183,145472,131192,14280
Austria,1996,182133,150826,136578,14248
Austria,1997,188310,154973,139979,14994
Austria,1998,195828,160791,144591,16200
Austria,1999,203418,166081,149316,16765
Austria,2000,213196,173803,155696,18107
Austria,2001,220096,178090,160799,17291
Austria,2002,226303,184959,163768,21192
Austria,2003,230999,189048,169049,19999
Austria,2004,241505,198209,176008,22201
Austria,2005,253009,207176,185508,21668
Austria,2006,266478,220619,193717,26902
Austria,2007,282347,233607,200510,33097
Austria,2008,291930,242906,208263,34643
Austria,2009,286188,233139,212781,20358
Austria,2010,294628,242531,218090,24442
Austria,2011,308630,253178,226241,26937
Austria,2012,317117,258567,232722,25846
Austria,2013,322539,261717,237338,24379
Austria,2014,330418,268340,242022,26319
Austria,2015,339896,273270,246806,26463
Belgium,1970,33280,28851,22948,5707
Belgium,1971,36460,31588,25609,5810
Belgium,1972,40817,35410,28869,6406
Belgium,1973,46377,40348,33000,7175
Belgium,1974,54395,47224,38470,8622
Belgium,1975,60199,52074,44675,7432
Belgium,1976,68420,59673,50615,9123
Belgium,1977,73997,63983,55720,8282
Belgium,1978,79466,68746,60259,8685
Belgium,1979,84991,73041,65584,7536
Belgium,1980,92431,77267,72039,5404
Belgium,1981,96909,80268,78251,2335
Belgium,1982,104866,86518,85171,1723
Belgium,1983,111098,91566,90438,1537
Belgium,1984,120029,99696,96293,3762
Belgium,1985,127658,106631,102747,4258
Belgium,1986,133620,112087,106197,6212
Belgium,1987,139005,117340,109787,7836
Belgium,1988,148727,126090,113486,12730
Belgium,1989,161270,136588,120986,15660
Belgium,1990,171007,144940,127854,17128
Belgium,1991,179151,152089,136174,16039
Belgium,1992,188123,159218,141957,17366
Belgium,1993,193753,165194,145917,19332
Belgium,1994,204194,175545,152676,22835
Belgium,1995,211616,180726,158101,22625
Belgium,1996,215942,183303,163045,20258
Belgium,1997,225969,192144,167845,24299
Belgium,1998,234490,198797,174164,24633
Belgium,1999,244226,206133,179475,26659
Belgium,2000,258222,218451,190005,28445
Belgium,2001,265788,222604,196847,25757
Belgium,2002,275065,229522,203083,26440
Belgium,2003,282637,234250,208974,25276
Belgium,2004,298711,246399,217471,28928
Belgium,2005,311481,255827,226523,29304
Belgium,2006,326662,267805,236462,31342
Belgium,2007,344713,283268,247278,35990
Belgium,2008,354066,290935,261250,29685
Belgium,2009,348781,276251,265328,10923
Belgium,2010,365101,301770,275692,26078
Belgium,2011,379106,304361,286197,18164
Belgium,2012,387500,314594,295193,19401
Belgium,2013,391712,313999,300286,13714
Belgium,2014,400805,318378,304431,13947
Belgium,2015,410351,324703,308252,16451
Canada,1970,91703,76261,70150,6264
Canada,1971,100092,83337,76632,6864
Canada,1972,111770,93505,85563,7974
Canada,1973,131135,109778,97646,11197
Canada,1974,156641,130800,115134,14132
Canada,1975,176555,146935,134940,12214
Canada,1976,203373,169030,153926,14904
Canada,1977,224707,185970,172457,14369
Canada,1978,249015,204923,191100,15136
Canada,1979,284301,233135,212742,20269
Canada,1980,319702,261298,239623,21945
Canada,1981,367121,297002,271479,25523
Canada,1982,386773,308337,295463,12874
Canada,1983,419691,339004,321885,17119
Canada,1984,460243,372986,347893,25093
Canada,1985,498075,404924,378611,26313
Canada,1986,524450,425015,405978,19037
Canada,1987,571926,466955,436625,30330
Canada,1988,624401,510672,471082,39590
Canada,1989,669026,544839,509135,35704
Canada,1990,692997,560142,543016,17126
Canada,1991,699253,566725,568055,-1330
Canada,1992,716019,577475,587866,-10391
Canada,1993,744608,603694,606779,-3085
Canada,1994,789507,639504,625398,14106
Canada,1995,828973,673872,641969,31903
Canada,1996,857023,697284,661087,36197
Canada,1997,903902,737582,693118,44464
Canada,1998,937295,758261,720697,37564
Canada,1999,1004456,815896,758782,57114
Canada,2000,1102380,908658,811418,97240
Canada,2001,1140505,933318,850842,82476
Canada,2002,1189452,976292,901520,74772
Canada,2003,1250315,1032883,944959,87924
Canada,2004,1331178,1108333,986794,121539
Canada,2005,1417028,1181910,1039827,142083
Canada,2006,1492207,1247184,1099307,147877
Canada,2007,1573532,1312377,1164057,148320
Canada,2008,1652923,1370338,1225894,144444
Canada,2009,1567365,1268538,1246307,22231
Canada,2010,1662130,1356139,1304141,51998
Canada,2011,1769921,1452724,1363718,89006
Canada,2012,1822808,1492080,1405369,86711
Canada,2013,1897531,1555537,1455081,100456
Canada,2014,1983117,1622646,1515690,106956
Canada,2015,1986193,1611391,1561468,49923
Canada,2016,2026833,1644681,1610576,34105
Chile,1986,3876576,..,..,..
Chile,1987,5147919,..,..,..
Chile,1988,6709478,..,..,..
Chile,1989,8337393,..,..,..
Chile,1990,10482219,..,..,..
Chile,1991,13719083,..,..,..
Chile,1992,17216703,..,..,..
Chile,1993,20379314,..,..,..
Chile,1994,24257090,..,..,..
Chile,1995,29336967,..,..,..
Chile,1996,32049653,31226467,23647150,7579317
Chile,1997,35593645,34715933,26498295,8217638
Chile,1998,37542890,36906748,28698425,8208323
Chile,1999,38306647,37534759,29470834,8063924
Chile,2000,42094989,40903666,32091479,8812186
Chile,2001,45287945,44045633,34470164,9575470
Chile,2002,48328915,46851091,36579159,10271933
Chile,2003,52643474,50028208,39079518,10948691
Chile,2004,60546525,56446629,42609869,13836760
Chile,2005,68882768,64141859,47916828,16225031
Chile,2006,82018171,74116378,53346314,20770064
Chile,2007,90428771,82237338,59841750,22395588
Chile,2008,93847932,88625492,67635211,20990281
Chile,2009,96443761,91113627,69577702,21535925
Chile,2010,110998729,105842974,79168033,26674941
Chile,2011,121319462,116015645,88708362,27307283
Chile,2012,129027553,124719951,96338960,28380991
Chile,2013,137229576,133178696,104759109,28419587
Chile,2014,147568108,144326011,113552915,30773096
Chile,2015,157510721,154673911,122694230,31979681
Czech Republic,1990,723790,..,517925,..
Czech Republic,1991,871253,..,603820,..
Czech Republic,1992,973958,730622,703010,50981
Czech Republic,1993,1179304,933263,839542,92531
Czech Republic,1994,1363398,1080928,964750,115328
Czech Republic,1995,1580115,1241656,1094136,147520
Czech Republic,1996,1812622,1418560,1254128,164432
Czech Republic,1997,1953311,1499418,1402306,97112
Czech Republic,1998,2142587,1640318,1498092,142226
Czech Republic,1999,2237300,1692818,1592714,100104
Czech Republic,2000,2372630,1786873,1669201,117672
Czech Republic,2001,2562679,1917714,1784587,133127
Czech Republic,2002,2674634,1995571,1900800,94771
Czech Republic,2003,2801163,2101696,2017896,83800
Czech Republic,2004,3057660,2270953,2134201,136752
Czech Republic,2005,3257972,2425893,2230981,194912
Czech Republic,2006,3507131,2572460,2355176,217284
Czech Republic,2007,3831819,2794371,2506801,287570
Czech Republic,2008,4015346,2918286,2678872,239414
Czech Republic,2009,3921827,2776748,2729612,47136
Czech Republic,2010,3953651,2776151,2756756,19395
Czech Republic,2011,4033755,2828681,2791888,36793
Czech Republic,2012,4059912,2894434,2801813,92621
Czech Republic,2013,4098128,2911306,2851036,60270
Czech Republic,2014,4313789,3046757,2922816,123941
Czech Republic,2015,4554615,3238612,3029383,209229
Denmark,1966,81736,70351,61520,9697
Denmark,1967,90035,77384,68638,9467
Denmark,1968,100310,86505,76005,11478
Denmark,1969,114335,98748,85257,14966
Denmark,1970,126496,108769,95766,14187
Denmark,1971,139786,120349,105881,15797
Denmark,1972,159600,137111,116788,22749
Denmark,1973,184265,160028,136230,26649
Denmark,1974,206621,177291,156443,22695
Denmark,1975,231291,197288,180232,17649
Denmark,1976,268408,231459,210688,21649
Denmark,1977,298157,257291,234114,24173
Denmark,1978,332427,287732,260351,28843
Denmark,1979,369900,314486,291721,22659
Denmark,1980,399402,333367,318700,12302
Denmark,1981,437213,358103,353938,-1133
Denmark,1982,499247,405714,400841,-1092
Denmark,1983,550423,447509,434120,8714
Denmark,1984,607657,495832,469891,23405
Denmark,1985,659314,536789,506556,27998
Denmark,1986,710392,579994,540399,38830
Denmark,1987,746619,607485,566103,40559
Denmark,1988,774876,628425,586218,41214
Denmark,1989,817915,656944,612953,42922
Denmark,1990,854614,683036,629722,54004
Denmark,1991,888889,703619,658745,43192
Denmark,1992,921657,734204,682940,50566
Denmark,1993,926957,737312,697518,36313
Denmark,1994,993175,795237,747952,44568
Denmark,1995,1036483,834885,773260,61625
Denmark,1996,1088024,876577,808106,68472
Denmark,1997,1146129,925388,843331,82057
Denmark,1998,1185988,957794,880843,76951
Denmark,1999,1241521,997958,907708,90251
Denmark,2000,1326912,1052784,941283,111501
Denmark,2001,1371526,1096954,974255,122699
Denmark,2002,1410271,1124680,1012645,112035
Denmark,2003,1436751,1147600,1038529,109071
Denmark,2004,1506001,1216778,1094254,122524
Denmark,2005,1585984,1297177,1146493,150684
Denmark,2006,1682260,1389957,1204639,185318
Denmark,2007,1738845,1416162,1248925,167237
Denmark,2008,1801470,1463290,1305931,157358
Denmark,2009,1722143,1390975,1315968,75008
Denmark,2010,1810926,1483304,1357797,125507
Denmark,2011,1846854,1526264,1375510,150754
Denmark,2012,1895002,1567487,1412034,155453
Denmark,2013,1929677,1618061,1422205,195857
Denmark,2014,1977255,1680646,1444369,236277
Denmark,2015,2027171,1724237,1476664,247573
Denmark,2016,2060868,1740496,1504603,235893
Estonia,1993,1472,..,1136,..
Estonia,1994,2023,..,1624,..
Estonia,1995,2779,..,2199,..
Estonia,1996,3649,..,2920,..
Estonia,1997,4495,..,3504,..
Estonia,1998,5049,..,3932,..
Estonia,1999,5379,..,4206,..
Estonia,2000,6171,5271,4556,715
Estonia,2001,6976,5920,5096,824
Estonia,2002,7774,6551,5734,816
Estonia,2003,8709,7264,6373,891
Estonia,2004,9708,8021,7099,922
Estonia,2005,11262,9411,8070,1341
Estonia,2006,13522,11078,9518,1562
Estonia,2007,16246,13092,11270,1825
Estonia,2008,16517,13403,12011,1392
Estonia,2009,14146,11421,10533,888
Estonia,2010,14717,11670,10650,1020
Estonia,2011,16668,13489,11528,1961
Estonia,2012,17935,14614,12440,2175
Estonia,2013,18890,15526,13313,2213
Estonia,2014,19758,16157,13942,2215
Estonia,2015,20252,16578,14710,1868
Finland,1970,8029,6889,5535,1439
Finland,1971,8823,7496,6088,1493
Finland,1972,10290,8719,7155,1656
Finland,1973,12524,10581,8512,2199
Finland,1974,15783,13238,10483,2934
Finland,1975,18248,15110,12802,2426
Finland,1976,20714,17070,14850,2316
Finland,1977,22720,18468,16496,2036
Finland,1978,25126,20419,18155,2343
Finland,1979,29151,23940,20628,3466
Finland,1980,33682,27526,23581,4134
Finland,1981,38094,30861,26879,4153
Finland,1982,42831,34664,30689,4120
Finland,1983,47790,38480,34363,4251
Finland,1984,53498,43164,38048,5312
Finland,1985,58285,47052,42091,5118
Finland,1986,62740,50676,45501,5328
Finland,1987,67751,54469,49362,5229
Finland,1988,76754,61839,54415,7715
Finland,1989,85929,68003,60311,7968
Finland,1990,91010,70619,64992,5693
Finland,1991,86962,65494,67431,-2547
Finland,1992,84852,62832,67013,-4983
Finland,1993,85748,63291,66471,-3891
Finland,1994,90768,68476,68193,-138
Finland,1995,98556,77217,71828,5389
Finland,1996,102060,80338,75256,5082
Finland,1997,110738,88744,79119,9625
Finland,1998,120382,96484,83924,12560
Finland,1999,126923,102789,87730,15059
Finland,2000,136261,110831,92126,18705
Finland,2001,144437,118213,97651,20562
Finland,2002,148289,121813,102433,19380
Finland,2003,151569,122821,107607,15214
Finland,2004,158477,130516,112215,18301
Finland,2005,164387,134221,117216,17005
Finland,2006,172614,141891,123274,18617
Finland,2007,186584,152821,129987,22834
Finland,2008,193711,157172,138087,19085
Finland,2009,181029,145682,139052,6630
Finland,2010,187100,152084,144253,7831
Finland,2011,196869,159081,152262,6819
Finland,2012,199793,160643,157790,2853
Finland,2013,203338,162272,161588,684
Finland,2014,205474,165253,164346,907
Finland,2015,209511,168958,166847,2111
France,1950,15539,..,11818,..
France,1951,19575,..,14889,..
France,1952,22814,..,17543,..
France,1953,23663,..,18412,..
France,1954,25136,..,19257,..
France,1955,27016,..,20447,..
France,1956,29782,..,23060,..
France,1957,33622,..,25510,..
France,1958,38817,..,28751,..
France,1959,42362,..,31314,..
France,1960,46951,..,33838,..
France,1961,50905,..,36996,..
France,1962,57058,..,41596,..
France,1963,63968,..,46951,..
France,1964,70951,..,51400,..
France,1965,76629,..,54996,..
France,1966,83045,..,59449,..
France,1967,89797,..,64479,..
France,1968,97966,..,71010,..
France,1969,112707,..,81333,..
France,1970,126115,..,90093,..
France,1971,140697,..,101035,..
France,1972,157094,..,112645,..
France,1973,180141,..,128350,..
France,1974,210081,..,151445,..
France,1975,236640,..,175656,..
France,1976,273411,..,203857,..
France,1977,307693,..,229766,..
France,1978,349630,297290,261298,35992
France,1979,399430,339515,298936,40579
France,1980,453211,383929,343906,40023
France,1981,511673,430757,399346,31411
France,1982,587952,491373,462972,28401
France,1983,652816,541916,513188,28729
France,1984,709648,589679,558769,30910
France,1985,760509,635958,603111,32847
France,1986,817854,689244,641778,47466
France,1987,859827,725314,678805,46509
France,1988,929444,783416,719826,63589
France,1989,1001897,844866,767018,77847
France,1990,1058627,891061,809943,81118
France,1991,1097112,914065,843067,70998
France,1992,1136841,950562,881187,69375
France,1993,1148404,959328,906260,53068
France,1994,1186345,990445,929440,61005
France,1995,1224967,1026440,956199,70242
France,1996,1258950,1060725,991721,69005
France,1997,1299739,1099911,1010522,89388
France,1998,1358776,1154692,1044061,110631
France,1999,1408159,1203306,1077776,125530
France,2000,1485303,1263444,1136645,126799
France,2001,1544629,1309319,1184046,125273
France,2002,1594259,1337075,1229274,107801
France,2003,1637438,1374057,1274119,99938
France,2004,1710760,1437414,1327128,110286
France,2005,1771978,1487000,1382829,104171
France,2006,1853267,1552971,1439283,113688
France,2007,1945670,1628156,1501661,126495
France,2008,1995850,1661180,1550046,111134
France,2009,1939017,1589558,1553540,36018
France,2010,1998481,1646978,1598200,48778
France,2011,2059284,1698820,1634071,64749
France,2012,2086929,1694150,1659313,34837
France,2013,2115257,1713039,1683217,29822
France,2014,2139964,1727771,1700762,27009
France,2015,2181063,1778281,1723361,54920
Germany,1970,402370,361834,290003,66550
Germany,1971,446602,399858,327607,67337
Germany,1972,486917,434416,361979,67882
Germany,1973,542318,484051,404310,74791
Germany,1974,586952,520622,444475,72068
Germany,1975,614837,543398,487628,54578
Germany,1976,666600,590996,524491,64452
Germany,1977,710274,629524,560659,66934
Germany,1978,757585,672387,594464,75295
Germany,1979,822784,726563,647406,76970
Germany,1980,879859,772411,703233,68789
Germany,1981,921446,803183,746688,58088
Germany,1982,959853,832902,773936,60569
Germany,1983,1002322,872665,806732,67075
Germany,1984,1051117,916328,841753,75083
Germany,1985,1098440,959100,871990,86471
Germany,1986,1157267,1011388,900257,107965
Germany,1987,1188510,1035582,932126,101550
Germany,1988,1253407,1099024,973751,121249
Germany,1989,1339739,1177429,1029149,142148
Germany,1990,1458040,1260169,1102887,150903
Germany,1991,1579800,1314334,1183475,128727
Germany,1992,1695320,1413559,1280862,130986
Germany,1993,1748550,1441586,1331363,110292
Germany,1994,1830290,1503646,1390058,113760
Germany,1995,1898880,1559439,1439175,120264
Germany,1996,1926320,1582555,1472564,109991
Germany,1997,1967090,1610472,1495661,114811
Germany,1998,2018230,1645851,1520460,125391
Germany,1999,2064880,1681859,1565451,116408
Germany,2000,2116480,1719843,1604454,115389
Germany,2001,2179850,1768370,1654996,113374
Germany,2002,2209290,1780261,1672559,107702
Germany,2003,2220080,1791771,1701664,90107
Germany,2004,2270620,1872079,1722003,150076
Germany,2005,2300860,1897916,1751547,146369
Germany,2006,2393250,2001750,1793235,208515
Germany,2007,2513230,2094938,1824640,270298
Germany,2008,2561740,2110971,1874300,236671
Germany,2009,2460280,2032516,1894248,138268
Germany,2010,2580060,2134401,1939610,194791
Germany,2011,2703120,2262696,2001224,261472
Germany,2012,2758260,2294981,2057742,237239
Germany,2013,2826240,2345610,2107888,237722
Germany,2014,2923930,2431855,2155414,276441
Germany,2015,3032820,2524605,2219674,304931
Greece,1960,380,358,341,0
Greece,1961,435,411,369,0
Greece,1962,457,433,393,0
Greece,1963,517,490,427,0
Greece,1964,585,556,479,0
Greece,1965,674,639,537,0
Greece,1966,753,711,595,0
Greece,1967,813,765,655,0
Greece,1968,885,833,709,-1
Greece,1969,1018,959,779,-1
Greece,1970,1151,1084,876,-1
Greece,1971,1279,1213,951,-1
Greece,1972,1480,1402,1054,-1
Greece,1973,1934,1832,1295,-2
Greece,1974,2222,2095,1633,-2
Greece,1975,2673,2511,2006,-2
Greece,1976,3326,3118,2437,-3
Greece,1977,3894,3637,2996,-3
Greece,1978,4752,4402,3651,-3
Greece,1979,5897,5462,4512,-4
Greece,1980,7079,6546,5527,-4
Greece,1981,8476,7773,6847,-4
Greece,1982,10660,9781,8599,-5
Greece,1983,12719,11592,10503,-5
Greece,1984,15818,14312,12741,-7
Greece,1985,19300,17309,15487,-9
Greece,1986,23063,20497,18442,-10
Greece,1987,25981,23381,22001,-8
Greece,1988,31614,28754,26227,-13
Greece,1989,37573,34053,31889,-13
Greece,1990,45347,41837,39119,-16
Greece,1991,56005,51940,47722,-22
Greece,1992,64743,60303,55940,-24
Greece,1993,72899,67490,63704,-23
Greece,1994,82671,76658,71668,-29
Greece,1995,92672,85695,81587,-27
Greece,1996,101822,93325,89460,-28
Greece,1997,112676,103050,97987,-33
Greece,1998,122519,111569,106261,-35
Greece,1999,130546,116355,111917,-33
Greece,2000,141024,124965,121636,-31
Greece,2001,151524,134422,130367,52
Greece,2002,162066,142612,141427,-505
Greece,2003,178432,153684,149812,-78
Greece,2004,191714,164647,160535,-90
Greece,2005,201599,170629,172190,-1139
Greece,2006,217861,182786,183767,-981
Greece,2007,232695,191921,198612,-6691
Greece,2008,241990,197780,213183,-15403
Greece,2009,237534,193362,217205,-23843
Greece,2010,226032,181983,206992,-25009
Greece,2011,207029,162811,189782,-26971
Greece,2012,191204,154590,175232,-20642
Greece,2013,180655,146783,164777,-17994
Greece,2014,177941,143778,161228,-17450
Greece,2015,175698,141089,158174,-17085
Hungary,1991,2589626,..,2067736,..
Hungary,1992,3050215,..,2546723,..
Hungary,1993,3677942,..,3218768,..
Hungary,1994,4524334,..,3781595,..
Hungary,1995,5819221,4507768,4469414,38354
Hungary,1996,7103898,5425076,5302108,122968
Hungary,1997,8812386,6693574,6403702,289872
Hungary,1998,10433144,7969187,7578721,390466
Hungary,1999,11637865,8813418,8757616,55802
Hungary,2000,13321531,10228145,10034442,193703
Hungary,2001,15383442,11927707,11510534,417173
Hungary,2002,17421576,13665887,13276693,389194
Hungary,2003,19077348,15139168,15102759,36409
Hungary,2004,21023630,16508575,16158394,350181
Hungary,2005,22470802,17514231,17258575,255656
Hungary,2006,24153022,18771228,18198246,572982
Hungary,2007,25560380,19436119,19185072,251047
Hungary,2008,27071868,20750985,20273891,477094
Hungary,2009,26297412,20335972,19881219,454753
Hungary,2010,27085900,20814432,20030956,783476
Hungary,2011,28166115,21638635,20664035,974600
Hungary,2012,28660518,21981117,21151200,829917
Hungary,2013,30127349,23803906,21666716,2137190
Hungary,2014,32400148,25271868,22745988,2525880
Hungary,2015,33999012,26220594,23586743,2633851
Iceland,1970,470,368,336,48
Iceland,1971,598,479,428,70
Iceland,1972,751,598,539,83
Iceland,1973,1054,832,720,142
Iceland,1974,1535,1221,1108,164
Iceland,1975,2191,1686,1571,190
Iceland,1976,3082,2400,2140,356
Iceland,1977,4451,3532,3089,577
Iceland,1978,6901,5454,4881,795
Iceland,1979,10196,8024,7368,1006
Iceland,1980,16440,12956,11755,1746
Iceland,1981,25571,19933,18720,1651
Iceland,1982,40136,30690,30168,351
Iceland,1983,69632,52000,52435,-1552
Iceland,1984,91998,69586,69325,-706
Iceland,1985,125517,95737,97275,-4058
Iceland,1986,166182,129202,126605,2129
Iceland,1987,216364,173650,170398,2475
Iceland,1988,266182,212757,208911,2807
Iceland,1989,327899,255966,253765,-574
Iceland,1990,382062,298788,298588,-4527
Iceland,1991,413097,331001,328871,-1907
Iceland,1992,412928,334043,331865,-1878
Iceland,1993,426015,345598,333828,13549
Iceland,1994,452881,368038,350072,23273
Iceland,1995,467000,383743,366499,21841
Iceland,1996,501454,419114,395495,31645
Iceland,1997,541378,458577,423499,49659
Iceland,1998,605197,516443,476471,56687
Iceland,1999,650488,554078,528632,32428
Iceland,2000,703305,594912,579529,15383
Iceland,2001,793628,669118,620345,48774
Iceland,2002,843255,746173,664711,81462
Iceland,2003,867129,754094,709426,44668
Iceland,2004,961859,814961,776577,38384
Iceland,2005,1051241,875276,867726,7551
Iceland,2006,1196095,958992,970675,-11683
Iceland,2007,1364052,1106934,1082235,24699
Iceland,2008,1551434,981113,1184373,-203260
Iceland,2009,1593337,997591,1213166,-215575
Iceland,2010,1620293,1054796,1230545,-175749
Iceland,2011,1701585,1184901,1301213,-116311
Iceland,2012,1778499,1297289,1385980,-88691
Iceland,2013,1891244,1546960,1448902,98058
Iceland,2014,2006018,1650090,1532801,117289
Iceland,2015,2213543,..,1623487,..
Ireland,1970,2328,2185,2020,166
Ireland,1971,2663,2484,2305,184
Ireland,1972,3215,2996,2683,277
Ireland,1973,3881,3635,3227,352
Ireland,1974,4293,4049,3820,265
Ireland,1975,5449,5163,4688,443
Ireland,1976,6687,6180,5740,457
Ireland,1977,8196,7635,6919,661
Ireland,1978,9710,8899,8164,714
Ireland,1979,11377,10377,9863,639
Ireland,1980,13451,11969,11982,396
Ireland,1981,16323,14292,14571,325
Ireland,1982,19230,16334,15917,790
Ireland,1983,21238,17835,17446,824
Ireland,1984,23576,19606,19010,1000
Ireland,1985,25564,21187,20773,951
Ireland,1986,27122,22575,22192,980
Ireland,1987,29010,24012,23221,1285
Ireland,1988,31515,25858,24681,1577
Ireland,1989,35188,28484,26975,1860
Ireland,1990,37889,31368,28329,2982
Ireland,1991,39316,32770,29935,2801
Ireland,1992,41773,34088,31889,2222
Ireland,1993,45118,36965,33648,3269
Ireland,1994,48524,39564,36011,3502
Ireland,1995,54813,43876,38341,5357
Ireland,1996,60206,48386,41959,6268
Ireland,1997,69367,55163,46141,8860
Ireland,1998,80353,63026,51620,11395
Ireland,1999,92716,70080,57982,12098
Ireland,2000,108383,81592,67035,14558
Ireland,2001,121941,88973,74559,14413
Ireland,2002,135951,97087,82334,14753
Ireland,2003,145557,106359,88440,17918
Ireland,2004,156144,113529,93878,19651
Ireland,2005,170216,122092,101978,20114
Ireland,2006,185060,132403,111743,20660
Ireland,2007,197293,139751,123085,16666
Ireland,2008,187687,132938,126492,6446
Ireland,2009,169704,113685,114643,-958
Ireland,2010,167124,112157,110373,1785
Ireland,2011,173070,112749,110309,2440
Ireland,2012,175753,114001,110104,3897
Ireland,2013,180209,121738,110533,11205
Ireland,2014,193159,130868,114240,16628
Ireland,2015,255815,139203,119362,19841
Israel,1970,2,2,2,0
Israel,1971,3,3,2,0
Israel,1972,4,3,3,1
Israel,1973,5,5,4,1
Israel,1974,7,6,6,0
Israel,1975,9,9,8,0
Israel,1976,12,12,11,1
Israel,1977,17,17,15,2
Israel,1978,29,27,25,2
Israel,1979,54,52,46,5
Israel,1980,123,115,106,7
Israel,1981,291,271,261,2
Israel,1982,676,603,587,-5
Israel,1983,1746,1600,1493,83
Israel,1984,8541,7957,7248,669
Israel,1985,32391,31425,27689,4011
Israel,1986,50677,47454,42805,4606
Israel,1987,65251,59149,57436,-227
Israel,1988,80019,72194,68707,1763
Israel,1989,95531,86258,80986,3724
Israel,1990,118853,109225,100031,8399
Israel,1991,153808,143713,125991,19278
Israel,1992,185728,172188,148800,26247
Israel,1993,214820,197801,175222,23883
Israel,1994,259711,236653,212618,24217
Israel,1995,301969,274170,247363,26807
Israel,1996,350919,317737,285155,32582
Israel,1997,395689,354882,315509,39373
Israel,1998,440629,394494,349684,44811
Israel,1999,485156,426003,382305,43698
Israel,2000,539546,461688,415951,45737
Israel,2001,549417,478569,438012,40556
Israel,2002,572971,499787,469610,30177
Israel,2003,576927,499048,467421,31626
Israel,2004,606706,525714,484634,41080
Israel,2005,639329,563655,506641,57014
Israel,2006,685647,613548,542222,71326
Israel,2007,734290,656149,582986,73163
Israel,2008,774758,676333,622491,53843
Israel,2009,815249,707593,642478,65116
Israel,2010,874009,766558,693011,73546
Israel,2011,935225,828679,738632,90046
Israel,2012,993441,863076,779439,83637
Israel,2013,1059101,931843,823642,108201
Israel,2014,1104746,981255,862145,119110
Israel,2015,1163769,1028493,896502,131991
Italy,1970,36483,32486,27044,5206
Italy,1971,39813,35504,30158,5141
Italy,1972,43608,38902,33406,5302
Italy,1973,52666,46610,40002,6375
Italy,1974,66813,58290,49784,8193
Italy,1975,76526,65888,58568,7170
Italy,1976,96287,83286,72140,10788
Italy,1977,116999,101191,87677,13081
Italy,1978,137635,119278,102263,16409
Italy,1979,168370,147635,126011,20824
Italy,1980,210394,182040,160570,20943
Italy,1981,252032,214082,195877,18209
Italy,1982,297465,251654,231928,19880
Italy,1983,346376,293893,268911,24989
Italy,1984,396029,336341,306968,29311
Italy,1985,444461,375898,345069,30937
Italy,1986,491407,415446,380031,35415
Italy,1987,537565,456306,418399,37995
Italy,1988,597363,507484,464496,43013
Italy,1989,655879,554324,512079,42689
Italy,1990,728530,612570,565472,47551
Italy,1991,795819,665397,620615,45840
Italy,1992,837511,696054,659733,38359
Italy,1993,862637,714186,674075,41950
Italy,1994,912408,756249,711176,46791
Italy,1995,984983,823881,753638,70243
Italy,1996,1043086,873911,796081,77829
Italy,1997,1089869,919766,839330,80436
Italy,1998,1135499,954663,879734,74929
Italy,1999,1171901,988863,916655,72208
Italy,2000,1239266,1042941,972099,70842
Italy,2001,1298890,1092528,1014109,78419
Italy,2002,1345794,1125437,1047532,77906
Italy,2003,1390710,1162523,1091454,71069
Italy,2004,1448363,1211629,1133299,78331
Italy,2005,1489725,1246337,1176988,69349
Italy,2006,1548473,1296190,1222403,73788
Italy,2007,1609551,1339616,1258248,81368
Italy,2008,1632151,1333902,1289524,44378
Italy,2009,1572878,1283002,1278173,4829
Italy,2010,1604515,1301199,1306580,-5381
Italy,2011,1637463,1324174,1328114,-3940
Italy,2012,1613265,1296569,1309173,-12604
Italy,2013,1604599,1288481,1296296,-7815
Italy,2014,1621827,1309979,1299306,10673
Italy,2015,1645439,1324995,1312653,12342
Italy,2016,1672438,1362185,1330112,32074
Japan,1970,76145108,63183190,44280937,16882080
Japan,1971,83782147,69042800,50314377,16904593
Japan,1972,95921761,79550881,58252221,19280941
Japan,1973,116792965,97985090,70717112,24693359
Japan,1974,139368855,115555664,86845088,26536589
Japan,1975,153989920,127837177,101886321,24691561
Japan,1976,172932502,144997969,114554082,28715971
Japan,1977,192708636,160903350,127918354,31172013
Japan,1978,212207680,177730566,140393218,35073672
Japan,1979,230004633,192796984,154446022,36148555
Japan,1980,249345252,207843405,168130498,37686278
Japan,1981,268063188,221129464,179259193,39773570
Japan,1982,281430399,232008473,191972986,38443271
Japan,1983,292696072,240393066,202394938,36891967
Japan,1984,311092724,255641368,212607724,41447731
Japan,1985,334120627,272936023,224185136,46619912
Japan,1986,349684355,284206888,233692088,48334714
Japan,1987,363659737,296663481,244407196,50054372
Japan,1988,390944418,318183169,257494398,57602925
Japan,1989,421110899,338999704,275161242,60678782
Japan,1990,454644750,365156695,296515746,65256698
Japan,1991,481999356,386533307,312510676,70227553
Japan,1992,493664759,394139906,325585764,65764826
Japan,1993,496672238,393659403,333742527,58465480
Japan,1994,501537700,394543300,343815600,50727700
Japan,1995,512541700,403836100,352900600,50935500
Japan,1996,525806900,417364900,361235600,56129300
Japan,1997,534142500,423596500,368515700,55080800
Japan,1998,527876900,415920400,367760600,48159800
Japan,1999,519651800,409493000,370650000,38842900
Japan,2000,526706000,416433700,375349400,41084300
Japan,2001,523005000,410867600,380639900,30227700
Japan,2002,515986200,406891300,381797100,25094200
Japan,2003,515400700,408646300,380918800,27727500
Japan,2004,520965400,415729400,383585200,32144200
Japan,2005,524132800,421291300,386501500,34789800
Japan,2006,526879700,422657800,389034000,33623900
Japan,2007,531688200,427225800,391449200,35776600
Japan,2008,520715700,410141400,390553000,19588400
Japan,2009,489501000,379818100,382424600,-2606500
Japan,2010,500353900,394146900,386483400,7663500
Japan,2011,491408500,387960000,385459400,2500600
Japan,2012,494957200,392310500,390482600,1827900
Japan,2013,503175600,403526400,398141800,5384700
Japan,2014,513698000,411145200,403678500,7466700
Japan,2015,530545200,427173300,405416900,21756300
Korea,1970,2794800,2690800,2339000,351800
Korea,1971,3433300,3252400,2938900,313500
Korea,1972,4259800,4001700,3543100,458600
Korea,1973,5513500,5137100,4274000,863100
Korea,1974,7879900,7354100,6173300,1180800
Korea,1975,10505100,9655700,8404400,1251200
Korea,1976,14413200,13327200,10804000,2523200
Korea,1977,18520300,17108600,13249500,3859000
Korea,1978,25023100,23348900,17349200,5999700
Korea,1979,32218900,29659300,22399700,7259500
Korea,1980,39471300,35599300,29330500,6268800
Korea,1981,49324000,44207300,36764600,7442700
Korea,1982,56858600,50798900,41532100,9266800
Korea,1983,67509200,60102800,46733900,13368900
Korea,1984,77855600,69218100,51988500,17229500
Korea,1985,87239600,76742500,57774200,18968300
Korea,1986,101840200,89631800,64256300,25375500
Korea,1987,120204900,106502700,72514300,33988400
Korea,1988,144073400,127654200,84107200,43547000
Korea,1989,163518000,144401500,99633300,44768300
Korea,1990,197712300,174018900,120301600,53717300
Korea,1991,238877200,211042800,145064100,65978700
Korea,1992,273267400,239086300,168446200,70640100
Korea,1993,310073700,270145700,190978400,79167300
Korea,1994,366054200,319437800,226117300,93320400
Korea,1995,428927100,366889500,264498300,102391200
Korea,1996,481140800,408069900,304646400,103423500
Korea,1997,530347100,446064300,335852600,110211700
Korea,1998,524476800,427089000,323452800,103636300
Korea,1999,576872800,471720400,366139500,105580800
Korea,2000,635184600,521717200,413461200,108256000
Korea,2001,688164900,562163900,460668300,101495600
Korea,2002,761938900,628067500,515616000,112451600
Korea,2003,810915300,665177500,535967400,129210100
Korea,2004,876033100,719941500,562020300,157921300
Korea,2005,919797300,750310700,602345400,147965300
Korea,2006,966054600,790894700,643408000,147486700
Korea,2007,1043257800,857994000,691740400,166253700
Korea,2008,1104492200,900584900,740804600,159780300
Korea,2009,1151707800,924761300,769588600,155172700
Korea,2010,1265308000,1028321700,819821200,208500500
Korea,2011,1332681000,1082939300,873522600,209416700
Korea,2012,1377456700,1118055400,911938200,206117200
Korea,2013,1429445400,1155996000,942267200,213728800
Korea,2014,1486079300,1194209600,972924900,221284700
Korea,2015,1558591600,1254819800,1008347000,246472800
Latvia,1995,4059,2570,3606,-1036
Latvia,1996,4678,3112,4203,-1091
Latvia,1997,5394,3686,4731,-1045
Latvia,1998,6022,4175,5185,-1010
Latvia,1999,6272,4318,5482,-1164
Latvia,2000,6850,5071,5704,-633
Latvia,2001,7460,5688,6132,-444
Latvia,2002,8397,6561,6876,-315
Latvia,2003,9553,7655,7868,-212
Latvia,2004,11049,8834,9116,-282
Latvia,2005,13597,10890,10780,110
Latvia,2006,17102,13093,13928,-836
Latvia,2007,22592,17247,17505,-258
Latvia,2008,24351,19022,18952,70
Latvia,2009,18827,16178,14992,1186
Latvia,2010,17938,14043,14737,-694
Latvia,2011,20269,15693,16203,-509
Latvia,2012,21848,16606,17130,-524
Latvia,2013,22774,17489,18061,-572
Latvia,2014,23608,17945,18602,-657
Latvia,2015,24348,18782,19259,-477
Luxembourg,1970,1821,..,1050,..
Luxembourg,1971,1854,..,1167,..
Luxembourg,1972,2091,..,1293,..
Luxembourg,1973,2541,..,1449,..
Luxembourg,1974,3097,..,1694,..
Luxembourg,1975,2869,..,1983,..
Luxembourg,1976,3301,..,2240,..
Luxembourg,1977,3392,..,2435,..
Luxembourg,1978,3712,..,2600,..
Luxembourg,1979,4040,..,2841,..
Luxembourg,1980,4397,..,3162,..
Luxembourg,1981,4687,..,3498,..
Luxembourg,1982,5252,..,3838,..
Luxembourg,1983,5778,..,4145,..
Luxembourg,1984,6406,..,4479,..
Luxembourg,1985,6788,..,4820,..
Luxembourg,1986,7460,..,5038,..
Luxembourg,1987,7760,..,5371,..
Luxembourg,1988,8650,..,5788,..
Luxembourg,1989,9879,..,6309,..
Luxembourg,1990,10666,..,6831,..
Luxembourg,1991,11800,..,7495,..
Luxembourg,1992,12462,..,7784,..
Luxembourg,1993,13762,..,8336,..
Luxembourg,1994,14793,..,8847,..
Luxembourg,1995,15355,..,9280,..
Luxembourg,1996,16053,..,9764,..
Luxembourg,1997,16687,..,10297,..
Luxembourg,1998,17697,..,10877,..
Luxembourg,1999,20210,..,11719,..
Luxembourg,2000,22358,..,12745,..
Luxembourg,2001,22939,..,13573,..
Luxembourg,2002,24374,..,14536,..
Luxembourg,2003,26245,..,14496,..
Luxembourg,2004,27894,..,15398,..
Luxembourg,2005,30765,..,16340,..
Luxembourg,2006,34469,..,17204,..
Luxembourg,2007,38110,..,18194,..
Luxembourg,2008,37983,..,18785,..
Luxembourg,2009,36158,..,19247,..
Luxembourg,2010,39947,..,20126,..
Luxembourg,2011,42856,..,21141,..
Luxembourg,2012,43905,..,22332,..
Luxembourg,2013,46353,..,23259,..
Luxembourg,2014,49273,..,23831,..
Luxembourg,2015,51216,..,24257,..
Mexico,1970,553,498,433,86
Mexico,1971,610,550,487,84
Mexico,1972,703,634,558,100
Mexico,1973,860,775,675,129
Mexico,1974,1120,1007,872,174
Mexico,1975,1369,1229,1064,208
Mexico,1976,1706,1522,1326,248
Mexico,1977,2301,2043,1743,375
Mexico,1978,2909,2583,2200,477
Mexico,1979,3818,3379,2824,683
Mexico,1980,5322,4713,3805,1097
Mexico,1981,7296,6408,5218,1421
Mexico,1982,11665,9868,8003,2239
Mexico,1983,21286,17468,14115,4047
Mexico,1984,35089,29212,24151,5896
Mexico,1985,56425,47873,39606,9620
Mexico,1986,94286,77200,69601,6365
Mexico,1987,230157,192013,163487,31195
Mexico,1988,464873,396391,345348,51877
Mexico,1989,612889,531912,461731,71570
Mexico,1990,825100,729729,628382,104062
Mexico,1991,1059878,939517,823917,116717
Mexico,1992,1256619,1115291,1003410,109155
Mexico,1993,1402748,1239393,1136344,96619
Mexico,1994,1585840,1397496,1287478,101780
Mexico,1995,2051331,1737508,1553303,181541
Mexico,1996,2820217,2419279,2061599,370143
Mexico,1997,3544596,3096517,2570731,552602
Mexico,1998,4295077,3750572,3265143,493711
Mexico,1999,5130759,4516452,3916676,612182
Mexico,2000,6132388,5431327,4685235,764978
Mexico,2001,6487465,5768654,5157651,602068
Mexico,2002,6993814,6245269,5548298,692970
Mexico,2003,7696034,6897863,6100409,797454
Mexico,2004,8690254,7863564,6768862,1094702
Mexico,2005,9424601,8529598,7395550,1134048
Mexico,2006,10520792,9527384,8081899,1445485
Mexico,2007,11399472,10284559,8754256,1530303
Mexico,2008,12256863,11037176,9532641,1504534
Mexico,2009,12072541,10711709,9513500,1198208
Mexico,2010,13266857,11894194,10448370,1445824
Mexico,2011,14527336,12946594,11326357,1620237
Mexico,2012,15599270,13788657,12359082,1429574
Mexico,2013,16078959,14008858,13012836,996022
Mexico,2014,17217015,15108029,13833816,1274212
Mexico,2015,18194758,15808736,14720392,1088343
Netherlands,1969,55197,49031,38813,10230
Netherlands,1970,61893,54558,43611,10955
Netherlands,1971,70240,60990,49246,11747
Netherlands,1972,78658,68485,54973,13520
Netherlands,1973,90507,79081,62841,16257
Netherlands,1974,102934,89821,71889,17945
Netherlands,1975,114026,97610,82325,15246
Netherlands,1976,130064,112630,94370,18222
Netherlands,1977,141035,121238,104212,16954
Netherlands,1978,152071,129255,113837,15308
Netherlands,1979,161466,138641,122318,16200
Netherlands,1980,173819,147720,130647,16934
Netherlands,1981,183477,153458,135742,17575
Netherlands,1982,189579,157942,141309,16463
Netherlands,1983,196191,164744,146528,18049
Netherlands,1984,206863,174367,149497,24770
Netherlands,1985,214037,177884,156132,21608
Netherlands,1986,220468,182952,159790,23039
Netherlands,1987,222372,185781,164074,21573
Netherlands,1988,231909,192647,167619,24918
Netherlands,1989,245425,203998,174448,29492
Netherlands,1990,259679,211868,183739,28057
Netherlands,1991,274305,224070,195595,28386
Netherlands,1992,285948,231965,204858,26977
Netherlands,1993,294169,239689,211740,27832
Netherlands,1994,309127,254810,221182,33572
Netherlands,1995,325341,271720,231972,39669
Netherlands,1996,340964,285605,242459,43070
Netherlands,1997,364961,305053,256837,48126
Netherlands,1998,389315,321866,275037,46728
Netherlands,1999,414838,350351,293851,56381
Netherlands,2000,448061,378037,315550,62382
Netherlands,2001,476696,392889,336117,56632
Netherlands,2002,494501,407118,355925,51039
Netherlands,2003,506671,422813,366956,55678
Netherlands,2004,523939,438986,374059,64755
Netherlands,2005,545609,449526,384184,65121
Netherlands,2006,579212,488329,404033,84143
Netherlands,2007,613280,515391,422671,92556
Netherlands,2008,639163,516695,441166,75070
Netherlands,2009,617540,507070,442934,63445
Netherlands,2010,631512,520388,449742,70305
Netherlands,2011,642929,538169,456097,81741
Netherlands,2012,645164,541278,459631,81302
Netherlands,2013,652748,540737,463903,76401
Netherlands,2014,663008,537937,468668,68788
Netherlands,2015,676531,549482,473221,75889
New Zealand,1970,5800,5005,4585,484
New Zealand,1971,6855,6011,5259,752
New Zealand,1972,7872,6874,5957,917
New Zealand,1973,9201,8043,6844,1199
New Zealand,1974,10110,8693,7908,785
New Zealand,1975,11388,9353,9142,211
New Zealand,1976,13964,11381,10516,865
New Zealand,1977,15643,12631,11968,663
New Zealand,1978,17730,14267,13747,520
New Zealand,1979,20696,16821,15971,850
New Zealand,1980,24086,19734,19064,670
New Zealand,1981,29328,24088,22506,1582
New Zealand,1982,33178,26955,25628,1327
New Zealand,1983,36989,29923,27756,2167
New Zealand,1984,41785,33298,31197,2101
New Zealand,1985,48249,37954,36768,1186
New Zealand,1986,57953,46470,43110,3360
New Zealand,1987,65228,52482,48945,3537
New Zealand,1988,70137,57397,53043,4354
New Zealand,1989,74212,60655,56755,3900
New Zealand,1990,76127,61879,59886,1993
New Zealand,1991,75967,59282,59857,-575
New Zealand,1992,78335,61199,61219,-20
New Zealand,1993,84575,66216,63420,2796
New Zealand,1994,90600,71640,67395,4245
New Zealand,1995,96236,76608,71670,4938
New Zealand,1996,101101,79905,76102,3803
New Zealand,1997,104815,84126,79320,4806
New Zealand,1998,106826,86558,83164,3394
New Zealand,1999,113229,90750,86356,4394
New Zealand,2000,119839,95938,89870,6068
New Zealand,2001,128712,103896,94500,9396
New Zealand,2002,135181,109576,100326,9250
New Zealand,2003,144502,118204,107085,11119
New Zealand,2004,154559,125081,115040,10041
New Zealand,2005,162937,129898,123878,6020
New Zealand,2006,172112,136400,131909,4491
New Zealand,2007,186846,148119,140371,7748
New Zealand,2008,189618,148045,147091,954
New Zealand,2009,194251,156912,151554,5358
New Zealand,2010,203434,163174,157911,5263
New Zealand,2011,213241,172962,166346,6616
New Zealand,2012,217473,177022,170459,6563
New Zealand,2013,232324,190775,177441,13334
New Zealand,2014,241927,198385,184450,13935
New Zealand,2015,251767,206383,191223,15160
Norway,1970,91930,..,62399,..
Norway,1971,103270,..,70789,..
Norway,1972,114699,..,78269,..
Norway,1973,130241,..,87672,..
Norway,1974,150527,..,99929,..
Norway,1975,172097,..,117848,..
Norway,1976,196261,..,136666,..
Norway,1977,221048,..,157275,..
Norway,1978,243888,192930,169990,22940
Norway,1979,269067,212401,185841,26560
Norway,1980,318279,255773,209069,46704
Norway,1981,365013,293640,237360,56280
Norway,1982,404325,321106,267588,53518
Norway,1983,449657,358486,296034,62452
Norway,1984,506486,407431,322781,84650
Norway,1985,562402,457187,367138,90049
Norway,1986,581913,465247,410208,55039
Norway,1987,634875,503872,448977,54895
Norway,1988,664084,514874,466207,48667
Norway,1989,708635,549504,489882,59622
Norway,1990,749860,583016,518644,64372
Norway,1991,790087,614089,553836,60253
Norway,1992,813093,639232,584479,54753
Norway,1993,855400,671465,613389,58076
Norway,1994,897243,710573,638187,72386
Norway,1995,963124,770798,674135,96663
Norway,1996,1054657,856545,723213,133332
Norway,1997,1141324,933411,764924,168487
Norway,1998,1163192,940388,814684,125704
Norway,1999,1265701,1031740,864992,166748
Norway,2000,1507885,1249618,926583,323035
Norway,2001,1564585,1312197,983768,328429
Norway,2002,1560181,1302533,1035769,266764
Norway,2003,1619613,1360314,1096517,263797
Norway,2004,1781981,1507269,1161175,346094
Norway,2005,1988942,1718261,1221347,496914
Norway,2006,2215312,1899668,1304544,595124
Norway,2007,2349861,1990806,1393366,597440
Norway,2008,2605380,2205373,1485767,719606
Norway,2009,2429698,2017522,1553007,464515
Norway,2010,2590089,2169125,1642492,526633
Norway,2011,2791973,2342615,1712101,630514
Norway,2012,2965208,2491468,1795305,696163
Norway,2013,3071134,2574840,1885237,689603
Norway,2014,3140371,2687195,1976845,710350
Norway,2015,3117433,2666554,2068597,597957
Poland,1990,62679,..,42077,..
Poland,1991,90486,72934,74084,3064
Poland,1992,128591,104883,106931,4308
Poland,1993,174275,143550,145227,6178
Poland,1994,251823,210624,201700,11911
Poland,1995,344683,285753,268223,17515
Poland,1996,431222,362710,342049,20862
Poland,1997,521795,445544,416982,28368
Poland,1998,606069,523297,481809,40159
Poland,1999,673287,577862,539661,37789
Poland,2000,747032,649959,610334,39625
Poland,2001,779975,677582,647827,29755
Poland,2002,810617,705453,688721,16732
Poland,2003,845930,732251,709083,23168
Poland,2004,933062,772713,769337,3376
Poland,2005,990468,834786,803770,31016
Poland,2006,1069823,906101,859786,46315
Poland,2007,1187605,998857,930193,68664
Poland,2008,1286069,1110133,1033800,76333
Poland,2009,1372208,1178131,1101662,76469
Poland,2010,1445297,1241372,1166135,75237
Poland,2011,1566813,1353428,1245874,107554
Poland,2012,1629392,1403179,1294535,108644
Poland,2013,1656842,1427822,1310071,117751
Poland,2014,1719704,1474948,1344658,130290
Poland,2015,1798302,1538995,1374921,164074
Portugal,1970,1163,1056,900,182
Portugal,1971,1302,1195,1034,193
Portugal,1972,1516,1401,1141,285
Portugal,1973,1846,1709,1392,349
Portugal,1974,2219,2040,1870,242
Portugal,1975,2467,2213,2206,115
Portugal,1976,3066,2722,2644,201
Portugal,1977,4093,3649,3418,373
Portugal,1978,5149,4620,4096,611
Portugal,1979,6497,5976,5133,893
Portugal,1980,8215,7533,6549,1088
Portugal,1981,9818,8878,8086,1053
Portugal,1982,12102,10708,9936,1156
Portugal,1983,15054,13246,12377,1388
Portugal,1984,18416,16207,15350,1568
Portugal,1985,23048,20267,18687,2259
Portugal,1986,28911,25606,22592,3467
Portugal,1987,33861,30453,26142,4541
Portugal,1988,40461,36349,31382,5311
Portugal,1989,47595,43088,36889,6646
Portugal,1990,55979,50794,44195,7037
Portugal,1991,64317,58440,52505,6232
Portugal,1992,72460,66132,59870,6539
Portugal,1993,76215,69118,64792,4338
Portugal,1994,82550,73298,69412,3810
Portugal,1995,89037,77953,73184,4768
Portugal,1996,94351,82151,78060,4091
Portugal,1997,102357,88574,83406,5168
Portugal,1998,111385,96402,90072,6331
Portugal,1999,119639,103632,97308,6324
Portugal,2000,128466,108932,105699,3234
Portugal,2001,135828,114667,111478,3189
Portugal,2002,142631,119417,117343,2074
Portugal,2003,146158,121972,121757,215
Portugal,2004,152372,126871,128106,-1234
Portugal,2005,158653,130992,135562,-4570
Portugal,2006,166249,135134,141320,-6186
Portugal,2007,175468,143042,148394,-5352
Portugal,2008,178873,143813,154093,-10280
Portugal,2009,175448,139836,151113,-11277
Portugal,2010,179930,144022,155599,-11577
Portugal,2011,176167,142670,150944,-8275
Portugal,2012,168398,135300,142787,-7487
Portugal,2013,170269,139924,143644,-3720
Portugal,2014,173079,141990,146266,-4276
Portugal,2015,179504,146041,150431,-4389
Portugal,2016,184931,152575,155116,-2541
Slovak Republic,1995,19686,15345,14066,1278
Slovak Republic,1996,21951,17351,16404,947
Slovak Republic,1997,24416,19083,17923,1160
Slovak Republic,1998,26664,21169,20134,1034
Slovak Republic,1999,28548,22237,21438,799
Slovak Republic,2000,31601,24546,23692,853
Slovak Republic,2001,34311,27030,26306,724
Slovak Republic,2002,37280,28903,28522,381
Slovak Republic,2003,41404,30460,31514,-1054
Slovak Republic,2004,46102,34602,34740,-139
Slovak Republic,2005,50415,38024,37749,276
Slovak Republic,2006,56273,42941,42280,662
Slovak Republic,2007,63054,48836,45800,3037
Slovak Republic,2008,68492,53592,50801,2797
Slovak Republic,2009,64023,49932,51449,-1516
Slovak Republic,2010,67577,52051,52331,-279
Slovak Republic,2011,70627,53290,53640,-348
Slovak Republic,2012,72704,55692,54817,877
Slovak Republic,2013,74170,56833,55467,1369
Slovak Republic,2014,75946,57802,56770,1033
Slovak Republic,2015,78686,60785,58521,2267
Slovenia,1990,856,..,..,..
Slovenia,1991,1520,..,..,..
Slovenia,1992,4427,..,..,..
Slovenia,1993,6242,..,..,..
Slovenia,1994,8059,..,..,..
Slovenia,1995,10522,8731,8119,611
Slovenia,1996,12132,9911,9282,628
Slovenia,1997,13827,11301,10403,899
Slovenia,1998,15337,12463,11469,994
Slovenia,1999,17210,14070,12990,1080
Slovenia,2000,18902,15180,14204,976
Slovenia,2001,21147,17089,15789,1299
Slovenia,2002,23622,19074,17401,1673
Slovenia,2003,25668,20719,18967,1752
Slovenia,2004,27673,22122,20157,1966
Slovenia,2005,29227,23378,21118,2260
Slovenia,2006,31555,25239,22048,3192
Slovenia,2007,35153,27964,24052,3912
Slovenia,2008,37951,30021,26274,3747
Slovenia,2009,36166,28140,27034,1106
Slovenia,2010,36252,28311,27670,641
Slovenia,2011,36896,28780,28205,575
Slovenia,2012,36002,27575,27732,-158
Slovenia,2013,35917,27472,26838,634
Slovenia,2014,37332,29047,27152,1894
Slovenia,2015,38570,29125,27315,1810
Spain,1970,17199,14934,12507,2352
Spain,1971,19411,16915,14185,2646
Spain,1972,22781,20017,16529,3369
Spain,1973,27465,24309,19844,4301
Spain,1974,33633,29678,24652,4860
Spain,1975,39491,34483,29218,5118
Spain,1976,47522,41323,36222,5022
Spain,1977,60299,52331,45701,6517
Spain,1978,73803,64080,55428,8471
Spain,1979,86335,74641,65771,8756
Spain,1980,100027,85810,78057,7820
Spain,1981,112232,94765,89152,5924
Spain,1982,129065,108621,102337,6653
Spain,1983,146960,122724,116245,6945
Spain,1984,165834,138157,128467,10022
Spain,1985,184269,154807,142743,12338
Spain,1986,210962,179059,161376,17699
Spain,1987,235900,201670,181641,20038
Spain,1988,262635,224831,199808,24816
Spain,1989,294298,253554,226162,27226
Spain,1990,327803,282277,251452,30613
Spain,1991,359461,310030,277918,32019
Spain,1992,387148,333483,305369,28533
Spain,1993,400539,344406,317768,27264
Spain,1994,425996,360562,334549,26820
Spain,1995,459337,396203,356945,39283
Spain,1996,487992,416840,376573,40302
Spain,1997,518049,442915,396910,46016
Spain,1998,554042,475022,423261,51752
Spain,1999,594316,509151,454763,54388
Spain,2000,646250,551024,493903,57121
Spain,2001,699528,591531,530079,61452
Spain,2002,749288,632310,562925,69385
Spain,2003,803472,676753,597730,79023
Spain,2004,861420,721279,646942,74337
Spain,2005,930566,769247,697774,71473
Spain,2006,1007974,825737,752142,73595
Spain,2007,1080807,877724,806882,70842
Spain,2008,1116207,896295,843061,53234
Spain,2009,1079034,867972,826374,41598
Spain,2010,1080913,871015,840470,30545
Spain,2011,1070413,851948,838538,13410
Spain,2012,1039758,833445,816585,16860
Spain,2013,1025634,824281,800322,23959
Spain,2014,1037025,837556,810919,26637
Spain,2015,1075639,873766,833524,40242
Sweden,1950,36272,..,..,..
Sweden,1951,44684,..,..,..
Sweden,1952,48610,..,..,..
Sweden,1953,50260,..,..,..
Sweden,1954,53252,..,..,..
Sweden,1955,57255,..,..,..
Sweden,1956,62228,..,..,..
Sweden,1957,66465,..,..,..
Sweden,1958,70212,..,..,..
Sweden,1959,74799,..,..,..
Sweden,1960,81366,..,..,..
Sweden,1961,88514,..,..,..
Sweden,1962,95994,..,..,..
Sweden,1963,103901,..,..,..
Sweden,1964,115870,..,..,..
Sweden,1965,127508,..,..,..
Sweden,1966,138697,..,..,..
Sweden,1967,150548,..,..,..
Sweden,1968,159757,..,..,..
Sweden,1969,173494,..,..,..
Sweden,1970,194281,171206,133825,59489
Sweden,1971,210061,184875,146455,60305
Sweden,1972,229852,202153,161428,63166
Sweden,1973,255781,225229,178496,73381
Sweden,1974,288928,252409,204456,72769
Sweden,1975,339304,296624,237335,92504
Sweden,1976,383764,334339,276531,85006
Sweden,1977,417402,359084,313064,57726
Sweden,1978,465269,398741,349786,60004
Sweden,1979,521512,446072,390454,69310
Sweden,1980,592519,506118,448287,55416
Sweden,1981,647398,549626,498286,47345
Sweden,1982,708475,596650,549817,41432
Sweden,1983,793803,664881,598380,62195
Sweden,1984,890556,749932,651903,95928
Sweden,1985,968063,813508,709451,101504
Sweden,1986,1056972,895170,775163,117858
Sweden,1987,1143994,975032,842449,130465
Sweden,1988,1250367,1063044,911533,150035
Sweden,1989,1385280,1171553,996056,174890
Sweden,1990,1527964,1280664,1107861,169862
Sweden,1991,1635017,1362858,1225972,128130
Sweden,1992,1632483,1341120,1248957,78455
Sweden,1993,1634131,1321227,1273564,28995
Sweden,1994,1744433,1454517,1327044,115899
Sweden,1995,1883562,1577981,1376906,196032
Sweden,1996,1932025,1620356,1424820,189048
Sweden,1997,2019261,1682748,1474467,202169
Sweden,1998,2121037,1768847,1538058,225782
Sweden,1999,2237854,1869929,1618106,251823
Sweden,2000,2380358,1984591,1699036,285555
Sweden,2001,2478130,2052577,1759922,292655
Sweden,2002,2569876,2130543,1848832,281711
Sweden,2003,2677446,2269445,1930047,339406
Sweden,2004,2805115,2348724,1987210,361520
Sweden,2005,2907352,2453513,2059091,394433
Sweden,2006,3099081,2657284,2150231,507062
Sweden,2007,3297053,2845447,2255672,589785
Sweden,2008,3387599,2905237,2344668,560579
Sweden,2009,3288509,2743724,2410955,332781
Sweden,2010,3519994,2973789,2521012,452789
Sweden,2011,3656577,3075364,2613713,461661
Sweden,2012,3684800,3094156,2669939,424229
Sweden,2013,3769909,3160917,2751938,408995
Sweden,2014,3936840,3297805,2847688,450140
Sweden,2015,4181103,3492764,2970529,522265
Sweden,2016,4378578,3679680,3089873,589849
Switzerland,1970,105885,..,..,..
Switzerland,1971,120285,..,..,..
Switzerland,1972,136302,..,..,..
Switzerland,1973,151893,..,..,..
Switzerland,1974,164786,..,..,..
Switzerland,1975,163682,..,..,..
Switzerland,1976,165790,..,..,..
Switzerland,1977,170263,..,..,..
Switzerland,1978,177136,..,..,..
Switzerland,1979,185160,..,..,..
Switzerland,1980,198923,..,139195,..
Switzerland,1981,213550,..,149321,..
Switzerland,1982,226240,..,158905,..
Switzerland,1983,233075,..,166451,..
Switzerland,1984,249113,..,174386,..
Switzerland,1985,264129,..,183431,..
Switzerland,1986,277202,..,191575,..
Switzerland,1987,287774,..,198670,..
Switzerland,1988,305499,..,207703,..
Switzerland,1989,329753,..,221737,..
Switzerland,1990,357608,287748,238211,50032
Switzerland,1991,373499,300108,255852,43738
Switzerland,1992,381268,302773,267572,33599
Switzerland,1993,389630,313808,272708,40202
Switzerland,1994,399251,318917,276175,42077
Switzerland,1995,404130,328471,281199,47239
Switzerland,1996,407410,332281,286848,45542
Switzerland,1997,415948,347876,292582,55767
Switzerland,1998,427658,359295,298557,61352
Switzerland,1999,435464,367130,304943,62968
Switzerland,2000,458779,390573,315892,75739
Switzerland,2001,470214,386934,326100,62034
Switzerland,2002,469338,373127,327498,46849
Switzerland,2003,474015,396836,332519,65814
Switzerland,2004,489369,406719,340142,68549
Switzerland,2005,507463,434826,348632,88140
Switzerland,2006,538125,457428,357609,102015
Switzerland,2007,573080,450956,370053,83293
Switzerland,2008,597381,424808,382247,45142
Switzerland,2009,587061,460959,387765,76036
Switzerland,2010,606146,504209,395235,111832
Switzerland,2011,618325,485462,399802,88539
Switzerland,2012,623611,494744,407225,90500
Switzerland,2013,634776,501268,414525,89765
Switzerland,2014,643784,492729,419285,76583
Switzerland,2015,645556,505223,421246,86984
Turkey,1970,0,..,..,..
Turkey,1971,0,..,..,..
Turkey,1972,0,..,..,..
Turkey,1973,1,..,..,..
Turkey,1974,1,..,..,..
Turkey,1975,1,..,..,..
Turkey,1976,1,..,..,..
Turkey,1977,2,..,..,..
Turkey,1978,2,..,..,..
Turkey,1979,4,..,..,..
Turkey,1980,7,..,..,..
Turkey,1981,11,..,..,..
Turkey,1982,14,..,..,..
Turkey,1983,19,..,..,..
Turkey,1984,30,..,..,..
Turkey,1985,48,..,..,..
Turkey,1986,70,..,..,..
Turkey,1987,103,..,..,..
Turkey,1988,178,..,..,..
Turkey,1989,313,..,..,..
Turkey,1990,541,..,..,..
Turkey,1991,867,..,..,..
Turkey,1992,1505,..,..,..
Turkey,1993,2728,..,..,..
Turkey,1994,5325,..,..,..
Turkey,1995,10686,..,..,..
Turkey,1996,20335,..,..,..
Turkey,1997,39695,..,..,..
Turkey,1998,71893,..,..,..
Turkey,1999,107164,..,..,..
Turkey,2000,170667,..,..,..
Turkey,2001,245429,..,..,..
Turkey,2002,359359,..,..,..
Turkey,2003,468015,..,..,..
Turkey,2004,577023,..,..,..
Turkey,2005,673703,..,..,..
Turkey,2006,789228,..,..,..
Turkey,2007,880461,..,..,..
Turkey,2008,994783,..,..,..
Turkey,2009,999192,828326,777038,51288
Turkey,2010,1160014,978163,905145,73018
Turkey,2011,1394477,1185001,1071927,113075
Turkey,2012,1569672,1332327,1202470,129858
Turkey,2013,1809713,1540427,1375972,164455
Turkey,2014,2044466,1732474,1530325,202149
Turkey,2015,2337530,1972438,1736315,236124
United Kingdom,1950,12898,..,..,..
United Kingdom,1951,14477,..,..,..
United Kingdom,1952,15715,..,..,..
United Kingdom,1953,16843,..,..,..
United Kingdom,1954,17756,..,..,..
United Kingdom,1955,19292,..,..,..
United Kingdom,1956,20933,..,..,..
United Kingdom,1957,22180,..,..,..
United Kingdom,1958,23270,..,..,..
United Kingdom,1959,24378,..,..,..
United Kingdom,1960,26155,..,..,..
United Kingdom,1961,27765,..,..,..
United Kingdom,1962,29017,..,..,..
United Kingdom,1963,30915,..,..,..
United Kingdom,1964,33717,..,..,..
United Kingdom,1965,36366,..,..,..
United Kingdom,1966,38776,..,..,..
United Kingdom,1967,40960,..,..,..
United Kingdom,1968,44900,..,..,..
United Kingdom,1969,48527,..,..,..
United Kingdom,1970,54451,51283,44911,5441
United Kingdom,1971,60860,56833,50540,5486
United Kingdom,1972,68054,63188,57326,5291
United Kingdom,1973,78594,72701,65606,6404
United Kingdom,1974,88183,81425,77029,4557
United Kingdom,1975,109274,101579,97607,4564
United Kingdom,1976,129450,120017,113748,6560
United Kingdom,1977,150816,137395,128344,8862
United Kingdom,1978,175163,158173,147219,10490
United Kingdom,1979,207293,185579,173653,11577
United Kingdom,1980,243097,214364,205848,9202
United Kingdom,1981,269085,235552,229700,7271
United Kingdom,1982,294814,258427,251058,8524
United Kingdom,1983,323001,285433,274888,11011
United Kingdom,1984,346946,307165,293992,12562
United Kingdom,1985,381251,333080,318354,14146
United Kingdom,1986,410311,362305,350187,12446
United Kingdom,1987,455965,398078,382580,15332
United Kingdom,1988,511671,444835,427511,17139
United Kingdom,1989,566512,487024,467531,19155
United Kingdom,1990,615673,524471,510429,15439
United Kingdom,1991,647966,553874,547077,10792
United Kingdom,1992,672170,579903,577745,7893
United Kingdom,1993,707734,612877,609485,9111
United Kingdom,1994,745196,658142,638734,20613
United Kingdom,1995,836646,696220,670315,25496
United Kingdom,1996,892900,744400,715758,27908
United Kingdom,1997,938855,796743,754076,38120
United Kingdom,1998,980308,852334,797928,46798
United Kingdom,1999,1021205,880271,849171,31100
United Kingdom,2000,1080863,939453,898081,41372
United Kingdom,2001,1120575,976908,940696,36212
United Kingdom,2002,1172652,1023473,991153,32320
United Kingdom,2003,1242449,1083461,1051124,32337
United Kingdom,2004,1304874,1139948,1112012,27936
United Kingdom,2005,1379457,1214554,1172392,42162
United Kingdom,2006,1455644,1260771,1229307,31464
United Kingdom,2007,1530890,1324957,1287609,37348
United Kingdom,2008,1564252,1352856,1339066,13790
United Kingdom,2009,1519459,1304661,1329939,-25278
United Kingdom,2010,1572439,1365893,1363814,2079
United Kingdom,2011,1628274,1413613,1397112,16501
United Kingdom,2012,1675044,1431235,1442888,-11653
United Kingdom,2013,1739563,1473533,1488161,-14628
United Kingdom,2014,1822480,1535048,1541431,-6383
United Kingdom,2015,1872714,1577182,1577526,-344
United Kingdom,2016,1939637,1642599,1630845,11754
United States,1970,1075884,933531,842093,91440
United States,1971,1167770,1009112,911812,97300
United States,1972,1282449,1113749,996986,116764
United States,1973,1428549,1249112,1091863,157245
United States,1974,1548825,1342034,1198948,143084
United States,1975,1688923,1442006,1331293,110711
United States,1976,1877587,1606645,1466357,140290
United States,1977,2085951,1790541,1619277,171267
United States,1978,2356571,2021097,1797993,223102
United States,1979,2632143,2237601,1994931,242671
United States,1980,2862505,2414134,2209512,204623
United States,1981,3210956,2705093,2444896,260196
United States,1982,3344991,2820576,2626983,193595
United States,1983,3638137,3040019,2881098,158922
United States,1984,4040693,3420345,3130146,290200
United States,1985,4346734,3658537,3411235,247300
United States,1986,4590155,3820440,3634789,185650
United States,1987,4870217,4092388,3868170,224215
United States,1988,5252629,4464384,4166664,297724
United States,1989,5657693,4751794,4474303,277493
United States,1990,5979589,5004361,4773621,230745
United States,1991,6174043,5191035,4964226,226810
United States,1992,6539299,5457836,5264909,192923
United States,1993,6878718,5709429,5545175,164258
United States,1994,7308755,6094151,5850586,243565
United States,1995,7664060,6435426,6128659,306763
United States,1996,8100201,6849881,6444568,405313
United States,1997,8608515,7328946,6785346,543596
United States,1998,9089168,7797247,7175142,622110
United States,1999,9660624,8267300,7664594,602709
United States,2000,10284779,8842084,8236564,605521
United States,2001,10621824,9112744,8648239,464502
United States,2002,10977514,9363921,9035416,328502
United States,2003,11510670,9785034,9521121,263914
United States,2004,12274928,10443964,10128958,315006
United States,2005,13093726,11130751,10774157,356595
United States,2006,13855888,11905938,11393841,512095
United States,2007,14477635,12196213,11960227,235976
United States,2008,14718582,12287243,12382213,-94987
United States,2009,14418739,11988565,12289031,-300446
United States,2010,14964372,12600301,12724404,-124112
United States,2011,15517926,13204095,13220162,-16071
United States,2012,16155255,13921805,13594777,327028
United States,2013,16691517,14306472,13884900,421571
United States,2014,17393103,15012946,14420919,592026
United States,2015,18036648,15504110,14888592,615518
European Union (28 countries),2002,10387455,8691544,8106748,584795
European Union (28 countries),2003,10558528,8848748,8265243,583504
European Union (28 countries),2004,11076863,9323025,8666428,656597
European Union (28 countries),2005,11572083,9738100,9071732,666368
European Union (28 countries),2006,12233250,10279360,9515819,763541
European Union (28 countries),2007,12957092,10875701,9971565,904136
European Union (28 countries),2008,13007941,10786162,10126460,659702
European Union (28 countries),2009,12270875,10136774,9820791,315984
European Union (28 countries),2010,12787857,10616182,10164267,451914
European Union (28 countries),2011,13158513,10920541,10377914,542628
European Union (28 countries),2012,13411675,11093414,10619584,473830
European Union (28 countries),2013,13525687,11166493,10671441,495052
European Union (28 countries),2014,13961360,11510466,10949220,561246
European Union (28 countries),2015,14636788,12061821,11413320,648501
Non-OECD Economies,1970,227972,..,..,..
Non-OECD Economies,1971,245688,..,..,..
Non-OECD Economies,1972,255236,..,..,..
Non-OECD Economies,1973,275623,..,..,..
Non-OECD Economies,1974,282769,..,..,..
Non-OECD Economies,1975,303948,..,..,..
Non-OECD Economies,1976,298858,..,..,..
Non-OECD Economies,1977,325000,..,..,..
Non-OECD Economies,1978,367870,..,..,..
Non-OECD Economies,1979,410045,..,..,..
Non-OECD Economies,1980,458758,..,..,..
Non-OECD Economies,1981,493583,..,..,..
Non-OECD Economies,1982,537335,..,..,..
Non-OECD Economies,1983,602092,..,..,..
Non-OECD Economies,1984,727850,..,..,..
Non-OECD Economies,1985,909895,..,..,..
Non-OECD Economies,1986,1037615,..,..,..
Non-OECD Economies,1987,1217459,..,..,..
Non-OECD Economies,1988,1518039,..,..,..
Non-OECD Economies,1989,1717974,..,..,..
Non-OECD Economies,1990,1887287,..,..,..
Non-OECD Economies,1991,2200563,..,..,..
Non-OECD Economies,1992,2719453,..,..,..
Non-OECD Economies,1993,3567323,..,..,..
Non-OECD Economies,1994,4863745,..,..,..
Non-OECD Economies,1995,6133989,..,..,..
Non-OECD Economies,1996,7181363,..,..,..
Non-OECD Economies,1997,7971504,..,..,..
Non-OECD Economies,1998,8519551,..,..,..
Non-OECD Economies,1999,9056438,..,..,..
Non-OECD Economies,2000,10028014,..,6366772,3592074
Non-OECD Economies,2001,11086312,..,6854666,4143225
Non-OECD Economies,2002,12171742,..,7406816,4748674
Non-OECD Economies,2003,13742203,..,7951307,5850768
Non-OECD Economies,2004,16184016,..,8908601,7422464
Non-OECD Economies,2005,18731890,..,10144777,8650647
Non-OECD Economies,2006,21943847,..,11472856,10653681
Non-OECD Economies,2007,27023227,..,13622945,13743587
Non-OECD Economies,2008,31951555,..,15746629,16703131
Non-OECD Economies,2009,34908137,..,17272829,17793315
Non-OECD Economies,2010,41303031,..,19899806,21502074
Non-OECD Economies,2011,48930057,..,24102208,24532581
Non-OECD Economies,2012,54036743,..,27111284,26822026
Non-OECD Economies,2013,59524441,..,30033781,28954456
Non-OECD Economies,2014,64397405,..,32831261,31656628
Non-OECD Economies,2015,68550575,..,35951635,32262360
Non-OECD Economies,2000,208531000,..,179214000,..
Non-OECD Economies,2001,225851000,..,196704000,..
Non-OECD Economies,2002,245323000,..,211223000,..
Non-OECD Economies,2003,272345000,..,230632000,..
Non-OECD Economies,2004,307762000,..,255076000,..
Non-OECD Economies,2005,340156000,..,277953000,..
Non-OECD Economies,2006,383898000,..,309022000,..
Non-OECD Economies,2007,431072000,..,345825000,..
Non-OECD Economies,2008,480087000,..,379201000,..
Non-OECD Economies,2009,504647000,..,402599000,..
Non-OECD Economies,2010,544924000,..,434319000,..
Non-OECD Economies,2011,619894000,..,479304000,..
Non-OECD Economies,2012,664240000,..,517616000,..
Non-OECD Economies,2013,710497000,..,555933000,..
Non-OECD Economies,2014,757065000,..,599355000,..
Non-OECD Economies,2015,799312000,..,650670000,..
Non-OECD Economies,1991,877701,820517,754746,65771
Non-OECD Economies,1992,1147150,1078481,973853,104628
Non-OECD Economies,1993,1355934,1271361,1166727,104634
Non-OECD Economies,1994,1638617,1557036,1397165,159871
Non-OECD Economies,1995,2068165,1949573,1732976,216598
Non-OECD Economies,1996,2413234,2288036,2078815,209221
Non-OECD Economies,1997,2919612,2757090,2456922,300167
Non-OECD Economies,1998,3502260,3265180,2848261,416919
Non-OECD Economies,1999,4055406,3511750,3298748,213003
Non-OECD Economies,2000,4607291,4153547,3682650,470897
Non-OECD Economies,2001,5233428,4748582,4170650,577932
Non-OECD Economies,2002,5938756,5397130,4872522,524608
Non-OECD Economies,2003,6855361,6241496,5689111,552385
Non-OECD Economies,2004,8114385,7408261,6641931,766330
Non-OECD Economies,2005,9532875,8760335,7936243,824091
Non-OECD Economies,2006,11555642,10742346,9473726,1268620
Non-OECD Economies,2007,13816351,12949814,11309379,1640434
Non-OECD Economies,2008,16109612,15131033,13528748,1602285
Non-OECD Economies,2009,17521035,16161714,14379094,1782620
Non-OECD Economies,2010,19596937,18081173,16100412,1980761
Non-OECD Economies,2011,21370733,19649345,17919048,1730297
Non-OECD Economies,2012,23371406,21544005,19474412,2069594
Non-OECD Economies,2013,24860944,22788305,20877006,1911299
Non-OECD Economies,2014,27268998,24947511,22812869,2134642
Non-OECD Economies,2015,29315644,26713119,23927065,2786055
Non-OECD Economies,2004,32422090,29919140,22720260,7308118
Non-OECD Economies,2005,36924850,34112210,25542180,8715749
Non-OECD Economies,2006,42936720,39764350,29198660,10674328
Non-OECD Economies,2007,49864260,46488570,33534420,13529400
Non-OECD Economies,2008,55826230,51896190,38742300,12350570
Non-OECD Economies,2009,65502710,61037110,45674560,15517496
Non-OECD Economies,2004,18238,15834,15385,449
Non-OECD Economies,2005,21002,18450,17469,981
Non-OECD Economies,2006,24079,21184,20115,1069
Non-OECD Economies,2007,29041,25133,23527,1606
Non-OECD Economies,2008,32696,28236,27362,874
Non-OECD Economies,2009,26935,23978,24055,-77
Non-OECD Economies,2010,28028,24434,23509,925
Non-OECD Economies,2011,31275,26712,25281,1431
Non-OECD Economies,2012,33348,28325,26601,1724
Non-OECD Economies,2013,35002,30407,27810,2597
Non-OECD Economies,2014,36590,32441,29045,3396
Non-OECD Economies,2015,37331,31761,30148,1613
Non-OECD Economies,1989,611,..,423,..
Non-OECD Economies,1990,686,..,489,..
Non-OECD Economies,1991,1490,..,941,..
Non-OECD Economies,1992,20251,..,10103,..
Non-OECD Economies,1993,182751,..,117445,..
Non-OECD Economies,1994,650778,620833,464315,..
Non-OECD Economies,1995,1522157,1098126,1118390,44535
Non-OECD Economies,1996,2139432,1662298,1579649,152571
Non-OECD Economies,1997,2496059,1962231,1953989,112981
Non-OECD Economies,1998,2801987,2165670,2204438,88728
Non-OECD Economies,1999,5139382,4270894,3614686,725529
Non-OECD Economies,2000,7784509,6688237,4925136,1688846
Non-OECD Economies,2001,9529807,8279695,6476336,1805708
Non-OECD Economies,2002,11540443,10019186,8188517,1920896
Non-OECD Economies,2003,14088722,12155626,9911287,2348513
Non-OECD Economies,2004,18162259,15960202,12558140,3435471
Non-OECD Economies,2005,23050317,20285495,15797062,4493570
Non-OECD Economies,2006,28711557,25377853,19485986,5835471
Non-OECD Economies,2007,35463861,31587606,24036253,7431706
Non-OECD Economies,2008,44028449,39027926,30135895,8843653
Non-OECD Economies,2009,41394188,36178867,32024470,5037866
Non-OECD Economies,2010,49395564,43499716,35574940,8321807
Non-OECD Economies,2011,59698117,52804150,41061650,11742500
Non-OECD Economies,2012,66926863,58658264,47084459,11573805
Non-OECD Economies,2013,71016729,61369608,52323884,9045724
Non-OECD Economies,2014,79199659,67586914,56510695,11076219
Non-OECD Economies,2015,83232618,70850329,58094987,12755343
Non-OECD Economies,2016,86043649,..,59822675,..
Non-OECD Economies,1963,8674,..,..,..
Non-OECD Economies,1964,9319,..,..,..
Non-OECD Economies,1965,10403,..,..,..
Non-OECD Economies,1966,11939,..,..,..
Non-OECD Economies,1967,13143,..,..,..
Non-OECD Economies,1968,18844,..,..,..
Non-OECD Economies,1969,20187,..,..,..
Non-OECD Economies,1970,22566,..,..,..
Non-OECD Economies,1971,30497,..,..,..
Non-OECD Economies,1972,38258,..,..,..
Non-OECD Economies,1973,53531,..,..,..
Non-OECD Economies,1974,159718,..,..,..
Non-OECD Economies,1975,163670,..,..,..
Non-OECD Economies,1976,225348,..,..,..
Non-OECD Economies,1977,260959,..,..,..
Non-OECD Economies,1978,272266,..,..,..
Non-OECD Economies,1979,375469,..,..,..
Non-OECD Economies,1980,546603,..,..,..
Non-OECD Economies,1981,622175,..,..,..
Non-OECD Economies,1982,524197,..,..,..
Non-OECD Economies,1983,445209,..,..,..
Non-OECD Economies,1984,420388,..,..,..
Non-OECD Economies,1985,376318,..,..,..
Non-OECD Economies,1986,322020,..,..,..
Non-OECD Economies,1987,320932,..,..,..
Non-OECD Economies,1988,330520,..,..,..
Non-OECD Economies,1989,357064,..,..,..
Non-OECD Economies,1990,437334,..,..,..
Non-OECD Economies,1991,491852,..,..,..
Non-OECD Economies,1992,510459,..,..,..
Non-OECD Economies,1993,494907,..,..,..
Non-OECD Economies,1994,503054,..,..,..
Non-OECD Economies,1995,533504,..,..,..
Non-OECD Economies,1996,590748,..,..,..
Non-OECD Economies,1997,617902,..,..,..
Non-OECD Economies,1998,546648,..,..,..
Non-OECD Economies,1999,603588,..,..,..
Non-OECD Economies,2000,706657,..,..,..
Non-OECD Economies,2001,686296,..,..,..
Non-OECD Economies,2002,707067,..,..,..
Non-OECD Economies,2003,804648,..,..,..
Non-OECD Economies,2004,970283,..,..,..
Non-OECD Economies,2005,1230771,..,..,..
Non-OECD Economies,2006,1411491,..,..,..
Non-OECD Economies,2007,1558827,..,..,..
Non-OECD Economies,2008,1949238,..,..,..
Non-OECD Economies,2009,1609117,..,..,..
Non-OECD Economies,2010,1975543,..,..,..
Non-OECD Economies,2011,2510650,..,..,..
Non-OECD Economies,2012,2752334,..,..,..
Non-OECD Economies,2013,2791261,..,..,..
Non-OECD Economies,2014,2826869,..,..,..
Non-OECD Economies,2015,2422507,..,..,..
Non-OECD Economies,2016,2398564,..,..,..
Non-OECD Economies,1960,5411,4581,3851,624
Non-OECD Economies,1961,5695,4805,4012,759
Non-OECD Economies,1962,6070,5178,4278,842
Non-OECD Economies,1963,6731,5789,4613,1038
Non-OECD Economies,1964,7410,6368,5170,974
Non-OECD Economies,1965,8096,6940,5602,965
Non-OECD Economies,1966,8825,7546,6089,1097
Non-OECD Economies,1967,9841,8454,6614,1348
Non-OECD Economies,1968,10639,9126,7318,1511
Non-OECD Economies,1969,11986,10282,8237,1505
Non-OECD Economies,1970,13156,11219,9302,1368
Non-OECD Economies,1971,14543,12374,10544,1740
Non-OECD Economies,1972,16418,13853,11662,2195
Non-OECD Economies,1973,20330,17269,13589,2871
Non-OECD Economies,1974,25010,21250,16178,3614
Non-OECD Economies,1975,28186,23361,19686,3617
Non-OECD Economies,1976,31829,25878,22480,3342
Non-OECD Economies,1977,35349,28431,24733,5314
Non-OECD Economies,1978,40643,32539,28059,5382
Non-OECD Economies,1979,48539,38932,32736,8130
Non-OECD Economies,1980,64628,52869,41239,13544
Non-OECD Economies,1981,74993,60787,51025,9918
Non-OECD Economies,1982,85153,68034,60996,5129
Non-OECD Economies,1983,97390,77202,70548,9791
Non-OECD Economies,1984,114104,90796,84112,7847
Non-OECD Economies,1985,131676,102758,96193,11404
Non-OECD Economies,1986,154289,119159,114826,10455
Non-OECD Economies,1987,180339,141547,138037,10599
Non-OECD Economies,1988,216381,171778,166197,14933
Non-OECD Economies,1989,259726,206791,197571,19501
Non-OECD Economies,1990,298971,238444,238903,13380
Non-OECD Economies,1991,342245,278581,275566,15635
Non-OECD Economies,1992,383723,316842,313058,12506
Non-OECD Economies,1993,438884,365763,356076,13292
Non-OECD Economies,1994,496233,416425,407017,18940
Non-OECD Economies,1995,563870,474361,455818,22289
Non-OECD Economies,1996,634611,533704,518524,23053
Non-OECD Economies,1997,703117,591903,580916,21285
Non-OECD Economies,1998,761658,636989,628194,20846
Non-OECD Economies,1999,834753,694419,684374,22974
Non-OECD Economies,2000,946324,790741,771226,26540
Non-OECD Economies,2001,1046144,867633,851786,27502
Non-OECD Economies,2002,1217265,1021644,968752,48745
Non-OECD Economies,2003,1325766,1112641,1055459,45057
Non-OECD Economies,2004,1476623,1257312,1196421,51247
Non-OECD Economies,2005,1639254,1394944,1335173,51726
Non-OECD Economies,2006,1839400,1562256,1471633,62290
Non-OECD Economies,2007,2109502,1760421,1672783,65439
Non-OECD Economies,2008,2369063,1961749,1863813,102737
Non-OECD Economies,2009,2507677,2084653,1990406,106357
Non-OECD Economies,2010,2748008,2310250,2177748,132576
Non-OECD Economies,2011,3024951,2554377,2400720,134751
Non-OECD Economies,2012,3262545,2729846,2625456,80864
Non-OECD Economies,2013,3534327,2949808,2859283,46305
Non-OECD Economies,2014,3796460,3138352,3071067,44048