Country,Year,NGDP,RGDP,NGFCF,RGFCF
Australia,1959,16602,245458,5016,38448
Australia,1960,17560,251533,5308,40615
Australia,1961,17779,254870,5302,41470
Australia,1962,19222,270705,5687,44062
Australia,1963,21240,289588,6389,48195
Australia,1964,23182,306901,7217,51800
Australia,1965,24366,314158,7872,56012
Australia,1966,27163,333943,8548,58866
Australia,1967,29187,350946,9490,63192
Australia,1968,32733,375690,10282,67234
Australia,1969,36881,402617,11617,69441
Australia,1970,40344,418735,12374,71677
Australia,1971,44515,435115,13400,73691
Australia,1972,49782,446425,14484,75929
Australia,1973,60323,464714,17203,79210
Australia,1974,71199,470908,18431,74138
Australia,1975,83276,483109,21856,76667
Australia,1976,96130,500538,24817,79640
Australia,1977,104974,505034,27656,82678
Australia,1978,118659,525518,31690,90757
Australia,1979,134524,541559,35555,93367
Australia,1980,152282,559736,43267,105296
Australia,1981,175781,578316,50928,112950
Australia,1982,189313,565414,50295,102240
Australia,1983,213667,591597,55648,107447
Australia,1984,235280,622652,63642,117779
Australia,1985,260590,648182,73426,124760
Australia,1986,286185,664895,80013,125249
Australia,1987,324545,703305,90139,134631
Australia,1988,368358,730599,105726,149049
Australia,1989,404698,756395,111976,150376
Australia,1990,415444,753556,102080,136198
Australia,1991,423498,756845,96713,130990
Australia,1992,444569,787588,104375,139752
Australia,1993,467210,819498,111870,147830
Australia,1994,496150,851371,124511,164114
Australia,1995,529598,884990,127821,168632
Australia,1996,557246,919926,133899,179825
Australia,1997,589394,960772,148287,197231
Australia,1998,621000,1008876,157999,206224
Australia,1999,661515,1047898,171978,222710
Australia,2000,706042,1068123,164207,205010
Australia,2001,754228,1109277,183573,223396
Australia,2002,801587,1143313,208950,251446
Australia,2003,862219,1190711,229241,272895
Australia,2004,922845,1228856,249374,290110
Australia,2005,998458,1265452,279651,317137
Australia,2006,1087440,1312903,301767,333164
Australia,2007,1178809,1361456,338813,364915
Australia,2008,1259280,1386125,354929,372563
Australia,2009,1297508,1413929,359677,380402
Australia,2010,1410442,1447479,376346,394785
Australia,2011,1491741,1500084,417382,438052
Australia,2012,1527529,1538634,432360,450188
Australia,2013,1589940,1578784,434443,443866
Australia,2014,1617016,1617016,430992,430992
Australia,2015,1654864,1661739,421979,413995
Austria,1970,28977.3196,110027.9948,7928.5324,27940.0763
Austria,1971,32349.3212,115653.8684,9537.4093,31793.1421
Austria,1972,36968.6704,122833.4998,11822.6346,35652.043
Austria,1973,41896.3874,128836.7421,12643.3903,35776.5237
Austria,1974,47685.9923,133917.7416,14336.3009,37196.3814
Austria,1975,50580.7948,133432.5533,14271.032,35354.4564
Austria,1976,55872.0003,139539.7645,15395.7773,36704.2937
Austria,1977,61762.4665,146628.3578,17551.861,39982.7705
Austria,1978,65325.9984,146319.48,17271.3128,37394.864
Austria,1979,71657.0452,154157.3754,19141.9016,39573.4654
Austria,1980,76965.9311,156826.5878,21120.0698,40888.4481
Austria,1981,82016.9599,156600.2957,22431.3756,40865.5969
Austria,1982,88147.1148,159749.926,21746.9502,37463.6079
Austria,1983,93919.9757,164499.4319,22355.0827,37302.5455
Austria,1984,98619.3429,164583.7794,22980.7167,37211.1025
Austria,1985,104078.6235,168696.1989,24910.904,39511.3509
Austria,1986,109615.9232,172578.561,26006.5129,40256.5445
Austria,1987,113811.1325,174920.742,27649.6305,42015.9326
Austria,1988,119357.2154,180685.9202,29891.9317,44982.6891
Austria,1989,127672.9259,187709.317,32302.2611,46989.3413
Austria,1990,137217.3419,195866.4911,34988.7115,49570.1545
Austria,1991,147109.1186,202607.4859,39100.324,53694.2268
Austria,1992,155414.0955,206849.1237,40664.9319,53767.7585
Austria,1993,160540.303,207938.8245,41178.7621,53109.6788
Austria,1994,168547.5938,212933.762,44322.5058,55842.6031
Austria,1995,176183.3,218614.8,44803.13,55949.78
Austria,1996,182132.75,223857.87,47212.29,58400.01
Austria,1997,188309.68,228793.98,48070.18,58787.28
Austria,1998,195828.19,236938.97,50099.13,60784.26
Austria,1999,203418.33,245445.05,50939.31,61491.04
Austria,2000,213196.12,253712.64,54786.54,65092.28
Austria,2001,220095.68,257139.07,54672.53,64262.27
Austria,2002,226302.65,261396.92,53305.99,62379.9
Austria,2003,230999.23,263373.49,55822.26,64747.08
Austria,2004,241505.02,270499.7,57091.82,65351.7
Austria,2005,253009.25,276290.24,58474.63,65504
Austria,2006,266478,285548.26,60419.72,66241.97
Austria,2007,282346.91,295889.42,64933.95,69286.31
Austria,2008,291930.39,300467.61,68247.2,70271.42
Austria,2009,286188.36,289052.62,64342.07,65120.9
Austria,2010,294627.5,294627.5,63763.7,63763.7
Austria,2011,308630.28,302900.64,69417.86,68048.67
Austria,2012,317116.96,305159.54,71924.57,68983.05
Austria,2013,322539.23,305538.62,74623.87,70477.77
Austria,2014,330417.6,307508.87,75132.92,69866.02
Austria,2015,339896.04,310470.36,76844.51,70368.57
Belgium,1970,33279.5507,155658.4138,9002.108,37885.517
Belgium,1971,36460.2813,161500.3073,9588.1099,37165.4815
Belgium,1972,40816.5525,169988.1929,10372.6333,38427.1762
Belgium,1973,46377.0285,180395.4268,11814.3761,41126.0599
Belgium,1974,54395.2063,187971.375,14701.7936,43979.4525
Belgium,1975,60199.379,185476.9943,16078.8619,43158.2274
Belgium,1976,68420.339,195961.5469,17890.2807,44881.7374
Belgium,1977,73997.3072,197188.5317,18966.9086,44900.5613
Belgium,1978,79466.3376,202792.4575,20368.8904,46141.7209
Belgium,1979,84990.6673,207539.9466,20795.8801,44886.0606
Belgium,1980,92430.7833,216836.701,23049.9763,50537.2845
Belgium,1981,96909.5728,216231.1117,20991.1805,42686.902
Belgium,1982,104866.2816,217517.6585,21384.2948,40979.4259
Belgium,1983,111097.641,218195.9715,20896.8331,38802.5013
Belgium,1984,120029.0466,223577.5191,22150.3061,39711.3423
Belgium,1985,127658.0647,227270.5566,24141.7108,41484.6557
Belgium,1986,133620.3617,231413.1582,25059.3519,42757.033
Belgium,1987,139004.7503,236751.0717,26687.9683,44872.4141
Belgium,1988,148727.6391,247933.3194,31494.0715,52060.1299
Belgium,1989,161269.9248,256534.5398,37003.2876,58178.7051
Belgium,1990,171007.4708,264583.0608,41202.8715,63170.89
Belgium,1991,179151.581,269433.0648,40305.4477,60553.1417
Belgium,1992,188122.7702,273557.155,41768.9561,61210.0834
Belgium,1993,193753.1887,270925.8823,41500.5152,59668.6318
Belgium,1994,204194.2751,279668.5833,42670.8726,59897.6312
Belgium,1995,211616,286338,45143,61930
Belgium,1996,215942,290901,45993,62452
Belgium,1997,225969,301694,49602,66601
Belgium,1998,234490,307654,51438,68237
Belgium,1999,244226,318616,54369,70811
Belgium,2000,258222,330194,58075,73902
Belgium,2001,265788,332874,59579,75107
Belgium,2002,275065,338800,56834,71867
Belgium,2003,282637,341424,57771,71577
Belgium,2004,298711,353834,63782,77935
Belgium,2005,311481,361245,69018,82665
Belgium,2006,326662,370273,72994,84283
Belgium,2007,344713,382853,80096,89976
Belgium,2008,354066,385714,84890,91682
Belgium,2009,348781,376900,78782,85601
Belgium,2010,365101,387058,79665,84894
Belgium,2011,379106,394012,85612,88474
Belgium,2012,387500,394552,87674,88647
Belgium,2013,391731,394306,86938,87252
Belgium,2014,400797,400797,91644,91644
Belgium,2015,410247,406713,94324,93972
Canada,1970,91842.6299,517541.2448,19966.5061,89419.0473
Canada,1971,100244.8267,538851.8213,22639.6802,96275.0608
Canada,1972,111940.6845,568196.9133,25028.4519,100472.3985
Canada,1973,131334.9914,607767.2993,30187.282,109377.396
Canada,1974,156879.7063,630199.9152,37519.238,116078.7302
Canada,1975,176823.9751,641688.2904,43749.0046,122152.5391
Canada,1976,203683.5065,675051.6053,48791.1568,127816.1371
Canada,1977,225049.5289,698396.4465,52498.8055,130201.7095
Canada,1978,249394.5119,726008.1874,57271.1401,132466.4161
Canada,1979,284734.6605,753632.239,66494.945,141665.6424
Canada,1980,320189.8938,769930.4172,75984.4005,147566.0884
Canada,1981,367121,796902,92162,158549
Canada,1982,386773,771385,87607,141416
Canada,1983,419691,791430,88575,140474
Canada,1984,460243,838325,93135,143558
Canada,1985,498075,878012,103538,155722
Canada,1986,524450,896993,110785,161904
Canada,1987,571926,933738,125550,176603
Canada,1988,624401,975097,141858,192738
Canada,1989,669026,997758,154204,202665
Canada,1990,692997,999298,150956,195611
Canada,1991,699253,978056,142205,187349
Canada,1992,716019,986692,139271,181837
Canada,1993,744608,1012891,139372,179723
Canada,1994,789507,1058405,153597,191770
Canada,1995,828973,1086746,152580,189152
Canada,1996,857023,1104254,161707,200070
Canada,1997,903902,1151514,184101,223433
Canada,1998,937295,1196213,193327,230662
Canada,1999,1004456,1257976,203502,242502
Canada,2000,1102380,1323173,216781,254783
Canada,2001,1140505,1346604,230644,267063
Canada,2002,1189452,1387137,238438,269723
Canada,2003,1250315,1412137,251104,283801
Canada,2004,1331178,1455715,278827,307736
Canada,2005,1417028,1502318,310435,335817
Canada,2006,1492207,1541730,342494,356905
Canada,2007,1573532,1573532,368210,368210
Canada,2008,1652923,1589273,388891,374199
Canada,2009,1567365,1542396,350517,331863
Canada,2010,1662130,1589956,390875,370062
Canada,2011,1769921,1639900,417091,387224
Canada,2012,1822808,1668524,447559,406154
Canada,2013,1897531,1709820,460101,411367
Canada,2014,1983117,1753682,479374,414945
Canada,2015,1986193,1770196,470532,396026
Denmark,1966,82414,702375,20242,114728
Denmark,1967,90846,741219,22454,124490
Denmark,1968,101292,782379,24369,130584
Denmark,1969,115612,833307,29252,146961
Denmark,1970,128066,846613,32314,151314
Denmark,1971,141736,872054,34988,152503
Denmark,1972,161449,906320,41684,167398
Denmark,1973,185905,943415,47782,176327
Denmark,1974,208204,932826,51704,163697
Denmark,1975,232574,919239,51929,147987
Denmark,1976,269461,973700,65193,172674
Denmark,1977,298865,991911,70043,171650
Denmark,1978,332877,1013994,76563,175175
Denmark,1979,370197,1053226,82687,176213
Denmark,1980,400868,1048139,81988,159823
Denmark,1981,440780,1041157,75909,133061
Denmark,1982,503384,1079520,90014,144103
Denmark,1983,554597,1107545,100537,150454
Denmark,1984,612129,1153687,116368,166024
Denmark,1985,663955,1199877,137229,189055
Denmark,1986,712645,1258722,160946,223579
Denmark,1987,748427,1261922,167489,230586
Denmark,1988,777844,1261750,162142,217489
Denmark,1989,821734,1269891,170659,221993
Denmark,1990,855557,1288625,174675,221455
Denmark,1991,890551,1306584,174331,216305
Denmark,1992,923014,1332154,172464,215195
Denmark,1993,928466,1332296,167674,209507
Denmark,1994,993286,1403340,181782,223880
Denmark,1995,1036483,1445828,201853,247534
Denmark,1996,1088024,1487758,213306,260697
Denmark,1997,1146129,1536272,238568,287308
Denmark,1998,1185988,1570349,255772,306403
Denmark,1999,1241521,1616643,259726,305602
Denmark,2000,1326912,1677217,285387,330559
Denmark,2001,1371526,1691023,292181,329015
Denmark,2002,1410271,1698909,291065,321470
Denmark,2003,1436751,1705536,297399,326737
Denmark,2004,1506001,1751043,311180,338228
Denmark,2005,1585984,1791959,335806,358328
Denmark,2006,1682260,1862078,391508,407306
Denmark,2007,1738845,1879009,408862,410119
Denmark,2008,1801470,1869388,413328,399880
Denmark,2009,1722143,1777666,347337,348026
Denmark,2010,1810926,1810926,328025,328025
Denmark,2011,1846854,1835134,335356,329300
Denmark,2012,1895002,1839290,355838,341593
Denmark,2013,1929677,1856457,367650,350928
Denmark,2014,1977255,1887570,378789,363036
Denmark,2015,2027171,1917886,389920,371993
Finland,1970,8028.9096,63903.4715,2239.3773,18650.3814
Finland,1971,8823.3367,65409.6254,2576.7189,19328.9228
Finland,1972,10289.5348,70469.3775,3051.9197,20596.2235
Finland,1973,12524.1837,75390.8376,3835.7634,22348.3474
Finland,1974,15783.2618,77830.8874,5012.9375,23059.2104
Finland,1975,18248.2568,79235.6553,6104.3676,24437.2071
Finland,1976,20714.3743,79508.5294,6190.7452,22649.1824
Finland,1977,22719.6772,79698.9606,6627.9001,21877.8521
Finland,1978,25126.0408,82025.9376,6500.4405,20202.0684
Finland,1979,29150.8256,87867.7645,7345.2555,21020.3833
Finland,1980,33682,92603,9195,23290
Finland,1981,38094,93802,10325,23903
Finland,1982,42831,96698,11735,25373
Finland,1983,47790,99716,13272,26409
Finland,1984,53498,102921,14071,26244
Finland,1985,58285,106561,15523,27551
Finland,1986,62740,109466,16383,28078
Finland,1987,67751,113362,18226,29672
Finland,1988,76754,119268,21614,32879
Finland,1989,85929,125336,26244,36737
Finland,1990,91010,126183,26993,35420
Finland,1991,86962,118720,22483,29430
Finland,1992,84852,114773,18841,25383
Finland,1993,85748,113930,16411,22208
Finland,1994,90768,118418,16924,22395
Finland,1995,98556,123400,18996,25203
Finland,1996,102060,127915,20928,27726
Finland,1997,110738,135912,23668,30744
Finland,1998,120382,143290,26755,34025
Finland,1999,126923,149658,28482,35565
Finland,2000,136261,158091,31457,37776
Finland,2001,144437,162171,33080,38440
Finland,2002,148289,164896,32071,37304
Finland,2003,151569,168184,33052,38349
Finland,2004,158477,174787,35333,40137
Finland,2005,164387,179646,37739,41441
Finland,2006,172614,186931,39334,41983
Finland,2007,186584,196623,45103,46171
Finland,2008,193711,198040,47245,46298
Finland,2009,181029,181664,41187,40489
Finland,2010,187100,187100,40933,40933
Finland,2011,196869,191910,43779,42610
Finland,2012,199793,189173,44610,41782
Finland,2013,203338,187739,43083,39719
Finland,2014,205474,186553,42235,38695
Finland,2015,209581,186537,42713,38963
France,1950,15539,285593,2810,48498
France,1951,19575,302109,3667,53147
France,1952,22814,311509,4468,53627
France,1953,23663,322284,4679,56098
France,1954,25136,340248,5028,61142
France,1955,27016,358329,5668,67633
France,1956,29782,376219,6377,72847
France,1957,33622,396988,7626,79984
France,1958,38817,407637,8754,83984
France,1959,42362,418500,9725,87815
France,1960,46951,451924,10573,93742
France,1961,50905,474389,12145,104640
France,1962,57057,506828,13488,111573
France,1963,63967,538337,15656,121040
France,1964,70951,574123,18011,133458
France,1965,76629,601895,19740,141076
France,1966,83045,633415,21655,151825
France,1967,89797,664566,23785,163315
France,1968,97966,694375,25660,172512
France,1969,112707,743805,29210,185927
France,1970,126115,789343,32273,195791
France,1971,140697,831539,36297,209261
France,1972,157094,869304,40699,221792
France,1973,180141,924161,47128,237174
France,1974,210081,963820,56219,242942
France,1975,236640,954373,59983,231006
France,1976,273411,995547,68142,236140
France,1977,307693,1029907,73946,234567
France,1978,349630,1070885,82475,241134
France,1979,399430,1108999,93925,248328
France,1980,453211,1126612,110359,255944
France,1981,511673,1138754,121981,253486
France,1982,587952,1167320,136214,251229
France,1983,652816,1181985,142727,243621
France,1984,709648,1200004,150558,241582
France,1985,760509,1219483,160486,247156
France,1986,817854,1248156,172908,257498
France,1987,859827,1280325,187078,270776
France,1988,929444,1340935,209277,294300
France,1989,1001897,1399309,230982,315976
France,1990,1058627,1440085,246347,330539
France,1991,1097112,1455049,253040,328773
France,1992,1136841,1478325,249731,323885
France,1993,1148404,1469268,236491,306272
France,1994,1186345,1503728,240972,311036
France,1995,1224967,1535082,244558,315171
France,1996,1258950,1556389,248701,317540
France,1997,1299739,1592767,252342,320044
France,1998,1358776,1649409,269042,340559
France,1999,1408159,1705606,291538,367262
France,2000,1485303,1771701,318108,391674
France,2001,1544629,1806328,330919,400584
France,2002,1594259,1826531,332704,396909
France,2003,1637438,1841500,343008,404526
France,2004,1710760,1892812,364057,418604
France,2005,1771978,1923243,384922,430741
France,2006,1853267,1968919,414923,446443
France,2007,1945670,2015415,450059,471153
France,2008,1995850,2019351,470123,475172
France,2009,1939017,1959955,427320,432075
France,2010,1998481,1998481,441067,441067
France,2011,2059284,2040034,461566,450180
France,2012,2086929,2043761,469106,451222
France,2013,2115256,2055538,466668,447587
France,2014,2147609,2075016,469072,447733
France,2015,2194243,2097166,473219,452173
Germany,1970,402370.3065,1158278.774,117777.6515,295386.7481
Germany,1971,446602.0285,1194564.17,133834.7482,313035.6359
Germany,1972,486917.1677,1245934.507,142695.6022,321439.871
Germany,1973,542318.4037,1305458.865,150250.3765,322899.5568
Germany,1974,586951.8265,1317078.345,146408.9658,294988.6441
Germany,1975,614836.5574,1305662.715,145410.199,281718.7993
Germany,1976,666600.1695,1370283.337,156460.6571,291582.7202
Germany,1977,710273.9737,1416149.708,168727.5619,304675.6395
Germany,1978,757585.4019,1458754.471,184093.2046,319405.1701
Germany,1979,822783.6742,1519298.082,207448.9816,339221.4601
Germany,1980,879858.6637,1540702.389,227987.724,346873.7402
Germany,1981,921445.8553,1548856.411,228026.1381,330684.5382
Germany,1982,959852.9157,1542740.894,224107.8992,315601.1422
Germany,1983,1002321.618,1566999.109,236336.3899,325066.959
Germany,1984,1051117.107,1611234.676,243033.2492,325553.5258
Germany,1985,1098439.694,1648743.176,248372.8101,327765.1666
Germany,1986,1157266.545,1686455.526,260255.5738,338204.1169
Germany,1987,1188509.941,1710102.188,269142.0371,345237.1289
Germany,1988,1253406.937,1773499.707,287004.5968,362664.8526
Germany,1989,1339739.136,1842605.04,315879.2005,388894.9154
Germany,1990,1458040.023,1939434.047,355586.5822,419990.5879
Germany,1991,1579800,2038505.41,392669,442328.16
Germany,1992,1695320,2077722.32,424903,460530.76
Germany,1993,1748550,2057855.86,418597,441174.83
Germany,1994,1830290,2108425.03,439056,457221.2
Germany,1995,1898880,2145061.88,443616,457070.76
Germany,1996,1926320,2162606.29,439703,454814.24
Germany,1997,1967090,2202597.22,442395,458374.53
Germany,1998,2018230,2246200.24,456438,476226.12
Germany,1999,2064880,2290835.27,472819,498340.02
Germany,2000,2116480,2358690.85,486536,510023.78
Germany,2001,2179850,2398681.78,472497,497136.54
Germany,2002,2209290,2398681.78,442718,468403.51
Germany,2003,2220080,2381653.39,433103,462185.54
Germany,2004,2270620,2409518.03,434972,462386.12
Germany,2005,2300860,2426546.43,438761,465846.12
Germany,2006,2393250,2516332.52,474371,500847.26
Germany,2007,2513230,2598378.43,505571,521206.09
Germany,2008,2561740,2626501.08,520809,529179.13
Germany,2009,2460280,2478921.65,471421,475824.96
Germany,2010,2580060,2580060,501449,501449
Germany,2011,2703120,2674490.2,547821,537402.89
Germany,2012,2758260,2687648.5,554746,533892.75
Germany,2013,2826240,2700806.81,557119,527775.07
Germany,2014,2923930,2743893.81,585147,545927.53
Germany,2015,3032820,2791108.91,603820,555154.19
Greece,1960,381.6745,39379.0747,85.7637,10610.1834
Greece,1961,436.8071,44578.6251,96.9483,12009.4518
Greece,1962,458.9624,44741.2526,111.5831,12595.5544
Greece,1963,519.0267,50040.7948,109.9902,11765.6301
Greece,1964,587.2053,54749.4719,135.7615,13968.7741
Greece,1965,676.9615,60644.9007,162.5867,16108.47
Greece,1966,756.4066,64583.4852,189.1838,16902.6435
Greece,1967,816.634,68245.0365,195.4035,16657.2723
Greece,1968,888.3941,73161.2171,242.1398,20552.0542
Greece,1969,1022.6551,81621.3369,292.3908,23788.0824
Greece,1970,1156.3079,88910.5962,319.3718,23056.6066
Greece,1971,1284.0745,95882.2335,370.5138,25828.5295
Greece,1972,1485.9246,105624.0133,493.0405,32104.9246
Greece,1973,1942.0277,114171.5084,650.6361,33975.0848
Greece,1974,2230.9149,106820.872,573.8296,22589.3989
Greece,1975,2684.2846,113621.9526,687.4913,25226.1532
Greece,1976,3339.5845,121407.2128,874.5829,26945.7073
Greece,1977,3910.6508,124977.8011,1164.761,30276.2013
Greece,1978,4772.3279,134034.7715,1582.617,33991.6287
Greece,1979,5922.1799,138433.9002,2097.1946,35448.0894
Greece,1980,7109.3909,139371.2791,2179.5747,29820.7691
Greece,1981,8511.5421,137205.838,2380.3789,26914.0061
Greece,1982,10705.1263,135651.7795,2709.9718,26046.0331
Greece,1983,12772.4207,134188.609,3464.8021,27701.9711
Greece,1984,15885.0242,136886.5789,3485.2415,23203.5764
Greece,1985,19381.7909,140321.825,4567.9184,25372.9506
Greece,1986,23160.7371,141048.2151,5675.3565,25399.9034
Greece,1987,26090.4033,137862.1285,6047.3684,23969.1888
Greece,1988,31747.5702,143773.4658,7333.2323,24585.9609
Greece,1989,37731.9662,149236.8575,9125.6178,26087.9279
Greece,1990,45538.9355,149236.8575,11287.1446,27251.2178
Greece,1991,56241.115,153863.2001,13610.8698,28409.2203
Greece,1992,65016.0821,154940.2425,14854.3909,27418.6948
Greece,1993,73206.7348,152461.1986,15910.7313,26323.5979
Greece,1994,83020.4831,155510.4226,16605.0151,25511.9255
Greece,1995,93063.6012,158775.7057,18572.7667,26565.7445
Greece,1996,103036.6433,163320.071,21423.1766,28970.4929
Greece,1997,114712.1849,170643.6682,23164.7273,29985.2481
Greece,1998,125262.5543,177290.0766,29706.9259,36758.7789
Greece,1999,133788.7282,182737.4856,32780.4229,39478.3205
Greece,2000,141247.2762,189900.3761,34805.0471,40609.0601
Greece,2001,152193.8375,197746.323,37647.8755,42788.7549
Greece,2002,163460.7643,205503.6578,38580.8223,42646.0209
Greece,2003,178904.7564,217411.6315,45307.2316,49087.0234
Greece,2004,193715.8236,228415.0058,47257.0153,50541.0907
Greece,2005,199242.3118,229783.5363,41500.0838,44536.6942
Greece,2006,217861.5682,242771.8983,51602.4185,53172.128
Greece,2007,232694.5927,250719.6357,60528.1701,61619.6522
Greece,2008,241990.3899,249879.2923,57626.9439,57187.0806
Greece,2009,237534.1815,239132.6494,49386.8707,49220.1496
Greece,2010,226031.4472,226031.4472,39697.9889,39697.9889
Greece,2011,207028.8813,205389.1377,31606.9633,31561.2669
Greece,2012,191203.9079,190394.714,24139.9934,24157.6724
Greece,2013,180654.2763,184223.212,21962.8687,22121.6427
Greece,2014,177940.5807,184873.2404,20624.5493,21104.0208
Greece,2015,175697.4345,184468.0977,20285.1718,21051.9276
Iceland,1970,467.2841,272776.4681,129.5178,59853.797
Iceland,1971,594.6362,308403.3598,198.6898,85202.3676
Iceland,1972,747.127,327454.4668,241.8966,85948.4484
Iceland,1973,1048.9911,349741.0496,370.7986,105229.9916
Iceland,1974,1526.7958,369698.2956,571.1646,113569.3052
Iceland,1975,2180.0198,372087.1199,793.995,103548.569
Iceland,1976,3066.135,394261.1589,974.451,100734.1769
Iceland,1977,4427.9175,429043.9714,1362.4913,112309.3923
Iceland,1978,6865.4044,454858.3227,1884.9641,106086.2823
Iceland,1979,10143.3479,476967.0862,2691.2632,104208.386
Iceland,1980,16355.1321,504382.7761,4693.2016,118740.8048
Iceland,1981,25440.1098,525894.7373,7086.461,120147.2796
Iceland,1982,39929.9813,537225.4878,11091.2307,120222.8686
Iceland,1983,69274.9034,525668.8988,16920.8775,104920.9999
Iceland,1984,91525.8758,547374.3892,22050.5329,114751.0326
Iceland,1985,124872.3026,565398.5596,29110.6034,115931.6059
Iceland,1986,165329.001,600852.1135,35247.9776,114132.4722
Iceland,1987,215253.4713,652200.5731,48622.3387,135546.0869
Iceland,1988,264815.1714,651615.3794,57583.2221,135269.1196
Iceland,1989,326215.0952,653299.4133,66935.048,124631.2655
Iceland,1990,380100.3947,660938.9028,79939.785,128382.442
Iceland,1991,410976.3983,659461.5357,87603.9895,131706.0859
Iceland,1992,410807.9801,637212.0016,80241.384,118069.2585
Iceland,1993,423827.9531,645581.4592,74909.3766,106495.0096
Iceland,1994,450555.3367,668879.5769,77647.0107,106270.9761
Iceland,1995,464602.0666,669659.3815,78678.4254,104451.1327
Iceland,1996,498879.6827,701703.001,102140.3708,130583.1642
Iceland,1997,538598,736179,114492,142668
Iceland,1998,600899,784525,153297,187642
Iceland,1999,646053,815936,150492,180524
Iceland,2000,703305,854126,169992,200327
Iceland,2001,793628,886871,182421,193923
Iceland,2002,843255,889662,165534,169105
Iceland,2003,867125,911371,184864,185658
Iceland,2004,961859,985190,238233,235170
Iceland,2005,1051241,1051241,310343,310343
Iceland,2006,1196095,1103810,426807,382814
Iceland,2007,1364052,1207017,400296,339989
Iceland,2008,1551434,1225356,391352,275489
Iceland,2009,1593337,1140268,238807,143913
Iceland,2010,1620293,1099676,226755,131473
Iceland,2011,1701585,1121528,261613,146679
Iceland,2012,1778499,1135183,284506,154412
Iceland,2013,1891242,1185262,296849,157878
Iceland,2014,2005942,1208080,345682,183143
Iceland,2015,2214086,1257569,418974,215711
Ireland,1970,2328.2228,29338.7615,522.7167,7315.8996
Ireland,1971,2662.8995,30356.7836,621.5861,7968.5458
Ireland,1972,3215.2812,32326.8807,751.3787,8591.5262
Ireland,1973,3881.3294,33853.1712,967.6997,9980.2122
Ireland,1974,4293.0291,35295.3939,1043.7312,8820.9412
Ireland,1975,5449.0933,37291.9293,1222.462,8502.529
Ireland,1976,6686.6353,37812.0801,1651.1323,9655.2076
Ireland,1977,8195.7697,40916.9435,2003.3455,10046.7952
Ireland,1978,9709.5026,43857.5332,2651.0319,11943.4245
Ireland,1979,11376.563,45205.2911,3424.2554,13569.1067
Ireland,1980,13451.2995,46597.3108,3797.6043,12928.9861
Ireland,1981,16322.851,48146.772,4777.6449,14161.1029
Ireland,1982,19230.3274,49246.1883,5031.9817,13677.8811
Ireland,1983,21237.6688,49125.8793,4849.8465,12407.8581
Ireland,1984,23576.238,51265.0031,4988.0082,12095.7086
Ireland,1985,25564.1799,52846.8437,4803.7453,11162.5565
Ireland,1986,27121.8849,52620.4845,4813.6748,10850.7366
Ireland,1987,29010.3735,55074.2257,4866.6971,10727.269
Ireland,1988,31514.8681,57947.6761,5381.0703,11288.8563
Ireland,1989,35188.4665,61316.7074,6267.3016,12432.9714
Ireland,1990,37889.3948,66508.1036,7272.2019,14099.2403
Ireland,1991,39316.2323,67791.4702,6908.5302,13114.5582
Ireland,1992,41773.3057,70057.925,7221.1439,13111.0697
Ireland,1993,45118.3969,71944.3111,7170.3391,12444.5994
Ireland,1994,48523.8853,76085.3012,8231.9597,13917.7841
Ireland,1995,54812.9333,83415.6804,9895.7503,16115.4698
Ireland,1996,60206.4537,90999.6763,11920.776,18762.7369
Ireland,1997,69367.333,100780.4406,14606.3598,21728.2519
Ireland,1998,80352.5327,109072.5623,18117.5834,24648.6424
Ireland,1999,92716.373,120921.0847,22418.0761,28117.9195
Ireland,2000,108382.6881,132907.2484,25759.0039,29538.5837
Ireland,2001,121940.6236,140950.6732,29223.7417,31258.3191
Ireland,2002,135950.5143,148811.4492,32086.1008,32994.9147
Ireland,2003,145556.634,154277.4612,36264.7553,35626.2881
Ireland,2004,156143.9728,164652.4662,42112.4501,39102.6563
Ireland,2005,170215.768,174146.5297,50800.6795,45686.5695
Ireland,2006,185060.733,184362.1881,57299.4264,48981.2165
Ireland,2007,197293.4276,191361.7446,56572.8738,48996.3942
Ireland,2008,187687.2187,182992.574,46525.0611,43321.6099
Ireland,2009,169704.3476,174638.7454,35875.6679,35988.2385
Ireland,2010,167124.2828,178190.1118,29422.483,30579.0825
Ireland,2011,173070.2083,178117.8284,29836.3753,31698.7194
Ireland,2012,175752.5095,176153.4017,34267.8144,35461.4318
Ireland,2013,180209.273,178089.0455,32870.9339,33449.8487
Ireland,2014,193159.5936,193159.5936,39574.1407,39574.1407
Ireland,2015,255815.0856,243914.3191,54234.819,52607.6077
Italy,1970,36483.2668,717381.766,9120.2683,171473.8668
Italy,1971,39813.2647,730424.5412,9769.4565,174424.5971
Italy,1972,43608.0035,757380.7548,10462.5652,180851.3037
Italy,1973,52666.3594,811350.6645,13429.2723,193693.7826
Italy,1974,66812.5964,855976.0961,17907.9241,199299.4076
Italy,1975,76525.7792,838084.8011,19679.6943,186822.0484
Italy,1976,96287.2961,897801.5712,23671.4735,187812.4978
Italy,1977,116999.4309,920789.7876,28631.459,193470.582
Italy,1978,137634.5625,950624.6639,32819.2976,195837.1659
Italy,1979,168369.6514,1007273.903,40265.0345,208904.6008
Italy,1980,210394.3733,1041823.563,53324.5024,223296.1136
Italy,1981,252031.5472,1050618.926,64169.3325,219809.5554
Italy,1982,297465.4825,1054964.135,71359.37,212399.215
Italy,1983,346376.1086,1067298.812,78471.5192,209341.7
Italy,1984,396028.6345,1101728.297,89079.114,217682.1862
Italy,1985,444460.7288,1132555.599,98132.5791,219932.3185
Italy,1986,491407.1436,1164946.371,104725.2629,226056.168
Italy,1987,537565.2993,1202131,114574.949,236951.4821
Italy,1988,597362.5735,1252552.909,129649.7078,253984.5108
Italy,1989,655878.7934,1294994.206,142650.599,265121.1012
Italy,1990,728529.5136,1320709.876,160375.2104,276592.0521
Italy,1991,795819.4939,1341028.304,172022.8629,280179.7264
Italy,1992,837511.1495,1352216.174,176408.9573,276151.6585
Italy,1993,862636.538,1340684.397,162728.7737,245172.0425
Italy,1994,912408.0495,1369522.835,169475.0581,246931.8201
Italy,1995,984983.4035,1409058.724,188431.4982,264304.4747
Italy,1996,1043085.764,1427184.382,197528.6833,269737.0774
Italy,1997,1089869.204,1453378.429,205798.3256,274472.5367
Italy,1998,1135499.481,1476866.089,218103.8145,285139.8949
Italy,1999,1171901.372,1499902.997,229737.0593,296837.0278
Italy,2000,1239266.328,1555551.018,253201.9352,316660.9471
Italy,2001,1298890.187,1583118.275,266185.2303,325955.2957
Italy,2002,1345794.237,1587053.057,285359.2211,339797.482
Italy,2003,1390709.574,1589454.648,288153.9034,338773.2244
Italy,2004,1448362.704,1614598.803,301783.5567,345830.5883
Italy,2005,1489725.463,1629932.081,315193.3305,351583.871
Italy,2006,1548473.435,1662638.096,332741.6244,362820.3812
Italy,2007,1609550.761,1687143.245,347176.2472,368619.8224
Italy,2008,1632150.832,1669421.403,346691.4256,357274.6284
Italy,2009,1572878.282,1577902.821,314359.9333,321758.4758
Italy,2010,1604514.52,1604514.52,320001.6755,320001.6755
Italy,2011,1637462.939,1613766.546,321837.1089,313784.8422
Italy,2012,1613264.965,1568274.158,296165.7173,284719.8154
Italy,2013,1604599.062,1541171.914,276667.5846,265831.9191
Italy,2014,1621827.175,1542923.787,271516.0332,259767.3767
Italy,2015,1645439.44,1555008.645,276536.7058,263925.1666
Japan,1970,76145108.16,166046264.2,28248217.63,54145815.96
Japan,1971,83782147.42,173848764.9,29977177.94,56695389.16
Japan,1972,95921761.28,188475612.9,34192630.45,62411861.85
Japan,1973,116792964.6,203615105,44404559.84,69629717.07
Japan,1974,139368855,201120331.6,50648340.94,63706115.78
Japan,1975,153989920.1,207338119.3,52211238.62,63273129.35
Japan,1976,172932501.6,215579776.6,56343280.19,65108131.93
Japan,1977,192708635.6,225044457.4,60721866.73,66963432.2
Japan,1978,212207680.2,236908669.5,67408409.18,72270260.79
Japan,1979,230004633.2,249900840,76111891.21,76531389.78
Japan,1980,249345251.8,256942024.1,82240480.6,76236519.84
Japan,1981,268063187.9,267674091.5,85633127.88,78431138.39
Japan,1982,281430399.3,276712397.1,86383693.72,78394884.11
Japan,1983,292696071.9,285181838.7,84898143.23,77331655.83
Japan,1984,311092724.3,297912068,88934849.21,80669617.69
Japan,1985,334120627,316779902.5,96227386.68,87332896.85
Japan,1986,349684355.5,325748184.3,100555119.7,92193340.75
Japan,1987,363659736.8,339128053.4,107837198.5,99521940.22
Japan,1988,390944418.2,363364496.6,122460266,112772927.6
Japan,1989,421110898.9,382877724.3,137000731.7,123135130.9
Japan,1990,454644749.6,404213196.1,151893268.7,132809589.5
Japan,1991,481999355.7,417650620.2,159126896.4,136179360.2
Japan,1992,493664759.2,421071303.5,156717892.7,133143682
Japan,1993,496672238,421791599.5,151588688.1,129564486
Japan,1994,501537700,425434100,148009600,127627500
Japan,1995,512541700,437100200,151420500,132084300
Japan,1996,525806900,450650000,159846400,140662300
Japan,1997,534142500,455501300,157087100,137857200
Japan,1998,527876900,450359800,148845800,132360600
Japan,1999,519651800,449225000,144626900,131079000
Japan,2000,526706000,461711400,144237200,131745800
Japan,2001,523005000,463587100,138834100,129497000
Japan,2002,515986200,464134600,129152200,122879100
Japan,2003,515400700,471227700,126089700,121930500
Japan,2004,520965400,481617000,125298000,122064700
Japan,2005,524132800,489625100,128941800,125840200
Japan,2006,526879700,496577700,130232200,126318900
Japan,2007,531688200,504792500,128231600,123905900
Japan,2008,520715700,499272700,124775400,119210800
Japan,2009,489501000,472226500,109459100,107596100
Japan,2010,500353900,492023600,106724100,105884500
Japan,2011,491408500,491455500,107637500,107637500
Japan,2012,494957200,498802900,110965700,111451700
Japan,2013,503175600,508781400,117381500,116948700
Japan,2014,513698000,510489200,122936800,120318500
Japan,2015,530545200,516714300,124305700,120426000
Luxembourg,1970,1870.5977,8701.1425,395.5171,1590.0566
Luxembourg,1971,1904.8545,8933.2225,495.0113,1759.4438
Luxembourg,1972,2148.0846,9522.6537,546.8916,1882.9223
Luxembourg,1973,2610.5513,10314.2411,652.5518,2105.6336
Luxembourg,1974,3182.4834,10748.7252,716.1098,1958.7841
Luxembourg,1975,2947.9196,10042.3866,749.2123,1813.2261
Luxembourg,1976,3391.8645,10296.894,774.0002,1736.6561
Luxembourg,1977,3485.493,10458.5322,800.4386,1735.2813
Luxembourg,1978,3813.6173,10884.7144,840.4231,1753.6948
Luxembourg,1979,4151.0875,11140.0272,927.2432,1819.8083
Luxembourg,1980,4517.5809,11233.7018,1122.1212,2050.9347
Luxembourg,1981,4815.3567,11171.8097,1121.6541,1898.8779
Luxembourg,1982,5396.3288,11298.196,1235.3797,1889.9211
Luxembourg,1983,5936.587,11635.9078,1155.1303,1667.5848
Luxembourg,1984,6581.7227,12355.8143,1208.8478,1669.6261
Luxembourg,1985,6974.686,12700.7524,1129.2836,1510.8897
Luxembourg,1986,7664.6079,13968.7872,1575.439,2072.0145
Luxembourg,1987,7972.4565,14520.6909,1889.8075,2439.7195
Luxembourg,1988,8887.2718,15749.6181,2114.0592,2719.5038
Luxembourg,1989,10150.4218,17292.7753,2359.9782,2907.1557
Luxembourg,1990,10959.109,18212.7392,2582.3872,3005.2694
Luxembourg,1991,12123.4704,19787.0831,3076.3354,3478.8396
Luxembourg,1992,12804.3954,20147.1393,2751.7723,2954.3968
Luxembourg,1993,14139.1656,20993.4497,3369.8095,3562.7626
Luxembourg,1994,15199.4114,21795.5929,3419.8909,3564.2885
Luxembourg,1995,15776.635,23070.906,3418.702,4122.823
Luxembourg,1996,16713.548,23391.229,3316.101,3949.477
Luxembourg,1997,17498.26,24726.802,3617.394,4200.054
Luxembourg,1998,18184.168,26221.451,4001.998,4661.236
Luxembourg,1999,20870.643,28445.293,4740.838,5496.601
Luxembourg,2000,23079.419,30789.128,4666.769,5261.305
Luxembourg,2001,23771.928,31568.701,5114.57,5583.05
Luxembourg,2002,25094.711,32774.458,5260.289,5672.755
Luxembourg,2003,26187.79,33308.448,5336.138,5718.329
Luxembourg,2004,27935.526,34511.608,5683.345,6059.55
Luxembourg,2005,30031.04,35606.469,5736.947,5998.027
Luxembourg,2006,33808.445,37450.345,5954.184,6195.56
Luxembourg,2007,37178.871,40579.154,6847.08,6971.907
Luxembourg,2008,38128.581,40059.909,7727.751,7804.67
Luxembourg,2009,36976.517,38313.855,6805.7,6833.067
Luxembourg,2010,40177.812,40177.812,7074.578,7074.578
Luxembourg,2011,43164.646,41198.021,8278.458,8043.348
Luxembourg,2012,44112.095,41052.79,8894.346,8535
Luxembourg,2013,46551.397,42690.875,8887.643,8321.315
Luxembourg,2014,49970.886,45093.061,9447.444,8790.339
Luxembourg,2015,52339.718,46898.703,9503.178,8708.579
Netherlands,1969,55196.7346,222586.3291,14840.1149,58259.8112
Netherlands,1970,61893.0289,236348.2674,17909.5313,65144.6655
Netherlands,1971,70240.2161,246583.9872,20436.6363,67507.5565
Netherlands,1972,78657.7448,252764.6866,21186.5945,64738.4338
Netherlands,1973,90507.0843,267385.2735,23090.7593,66482.8405
Netherlands,1974,102934.0765,278764.9855,24286.9371,62736.7938
Netherlands,1975,114025.6466,279107.9214,26245.2226,61442.1938
Netherlands,1976,130063.5007,292470.6405,28570.2033,61568.702
Netherlands,1977,141034.6377,298089.8151,32597.2247,65643.6698
Netherlands,1978,152070.7872,305037.539,35350.753,66862.3649
Netherlands,1979,161465.636,311205.1491,36573.4389,65070.1663
Netherlands,1980,173819.0893,321322.4415,40400.545,65156.6474
Netherlands,1981,183477.1857,318804.5216,39109.3799,59032.5139
Netherlands,1982,189578.7749,314848.9329,39192.2177,57403.6973
Netherlands,1983,196190.8726,321366.1738,40345.3198,58642.8821
Netherlands,1984,206862.5255,331205.3745,43616.8605,62873.171
Netherlands,1985,214037.3549,339751.0687,46774.6372,67662.2948
Netherlands,1986,220468.2701,349219.849,49486.1944,72268.5523
Netherlands,1987,222371.7528,355964.1522,50614.9974,73323.4499
Netherlands,1988,231909.416,368213.6578,56268.9531,80507.6311
Netherlands,1989,245424.5693,384489.1361,58637.0095,83146.7075
Netherlands,1990,259679.3738,400573.1733,61109.9938,85542.9564
Netherlands,1991,274305.0697,410343.6918,62876.0956,86623.6846
Netherlands,1992,285947.6479,417344.4462,64915.0099,88168.1721
Netherlands,1993,294169.0731,422592.7705,64394.7885,86725.0301
Netherlands,1994,309127.2923,435106.1329,65882.5553,88492.1965
Netherlands,1995,325341,448664.1965,70136,93703.9031
Netherlands,1996,340964,464666.7887,75223,99463.5348
Netherlands,1997,364961,484646.8446,81382,106359.0632
Netherlands,1998,389315,506579.1258,87457,113315.7526
Netherlands,1999,414838,532169.9499,97250,124120.3773
Netherlands,2000,448061,554727.3732,102708,126505.7858
Netherlands,2001,476696,566511.249,107026,127290.3809
Netherlands,2002,494501,567098.3245,105570,121544.6758
Netherlands,2003,506671,568708.4447,105763,119645.0006
Netherlands,2004,523939,580257.243,107466,119833.9203
Netherlands,2005,545609,592792.9232,112372,123553.8499
Netherlands,2006,579212,613651.1541,123170,132463.1587
Netherlands,2007,613280,636346.877,133745,141036.6449
Netherlands,2008,639163,647158.7972,142414,146874.4622
Netherlands,2009,617540,622776.5489,131554,133340.4447
Netherlands,2010,631512,631512,124649,124649
Netherlands,2011,642929,642018,130402,131583
Netherlands,2012,645164,635231.6296,121928,123318.8264
Netherlands,2013,652748,634022.5348,117107,118067.6015
Netherlands,2014,663008,643023.6912,119530,120762.5275
Netherlands,2015,683457,657560.8945,132464,133998.6178
New Zealand,1970,5800.772,75972.3778,1358.0905,9650.8585
New Zealand,1971,6856,78848.2804,1579,10980.307
New Zealand,1972,7871,82884.609,1964,12781.0535
New Zealand,1973,9203,89349.8394,2290,13928.9107
New Zealand,1974,10109,94704.9685,2813,15127.3581
New Zealand,1975,11387,93064.9787,3439,14544.5974
New Zealand,1976,13961,93929.3776,3755,13682.4167
New Zealand,1977,15641,90232,3816,12086.2199
New Zealand,1978,17731,90519,4178,11948.7147
New Zealand,1979,20696,92503,4426,11057.0971
New Zealand,1980,24087,93691,5219,11689.5814
New Zealand,1981,29326,98052,7244,13850.8981
New Zealand,1982,33180,98964,8538,14615.6912
New Zealand,1983,36988,102420,9557,16086.1125
New Zealand,1984,41783,107329,11014,17288.2336
New Zealand,1985,48249,109062,13196,18786.9976
New Zealand,1986,57955,112013,13964,18504.7003
New Zealand,1987,65227,107208,15174,19875
New Zealand,1988,70136,109354,14906,19478
New Zealand,1989,74211,109911,16054,20479
New Zealand,1990,76128,110637,15739,19834
New Zealand,1991,75967,108823,13416,16774
New Zealand,1992,78334,110192,13998,17211
New Zealand,1993,84575,117386,16520,20125
New Zealand,1994,90599,123513,19293,23185
New Zealand,1995,96234,129210,21581,25737
New Zealand,1996,101101,133582,22591,26942
New Zealand,1997,104814,137580,23216,28107
New Zealand,1998,106825,139037,21961,26347
New Zealand,1999,113225,146190,24770,29865
New Zealand,2000,119838,149483,24986,28964
New Zealand,2001,128713,155241,27657,31413
New Zealand,2002,135184,163097,29655,33896
New Zealand,2003,144502,170463,33608,38706
New Zealand,2004,154558,175989,37431,41845
New Zealand,2005,162936,181850,40320,44225
New Zealand,2006,172113,186566,41133,43481
New Zealand,2007,186845,193543,44638,46865
New Zealand,2008,189618,190572,42951,43494
New Zealand,2009,194250,194251,39036,39037
New Zealand,2010,203433,196105,39992,40463
New Zealand,2011,213241,201387,42326,42886
New Zealand,2012,217472,206422,44711,45055
New Zealand,2013,232324,210315,49364,49455
New Zealand,2014,241928,216757,53583,52807
New Zealand,2015,251755,223965,56797,54149
Norway,1970,91530,607956,25616,155400
Norway,1971,102897,642442,31455,180709
Norway,1972,114362,676688,33003,176050
Norway,1973,129928,707362,39061,196646
Norway,1974,150379,735112,47812,208477
Norway,1975,171849,771515,59732,229049
Norway,1976,196119,816460,72741,251746
Norway,1977,220968,850431,82244,259408
Norway,1978,243888,883337,77504,231018
Norway,1979,269067,921961,82030,235462
Norway,1980,318279,964045,88788,232638
Norway,1981,365013,979453,102829,244363
Norway,1982,404325,981758,114558,246304
Norway,1983,449657,1020761,129938,259860
Norway,1984,506486,1082542,139380,263228
Norway,1985,562402,1142659,146121,254900
Norway,1986,581913,1188849,167645,273761
Norway,1987,634875,1209694,184881,275869
Norway,1988,664084,1206605,197072,273083
Norway,1989,708635,1219133,190278,254663
Norway,1990,749860,1242692,171231,228401
Norway,1991,790087,1281025,171843,227494
Norway,1992,813093,1326814,169753,223008
Norway,1993,855400,1364566,182209,234729
Norway,1994,897243,1433551,194027,247058
Norway,1995,963124,1493100,206488,255032
Norway,1996,1054657,1568173,230155,278904
Norway,1997,1141324,1651046,268797,320070
Norway,1998,1163192,1694376,308420,359473
Norway,1999,1265701,1728489,297010,341756
Norway,2000,1507886,1783892,298800,330513
Norway,2001,1564585,1821092,305493,328488
Norway,2002,1560181,1847274,303269,327321
Norway,2003,1619613,1864266,305592,328488
Norway,2004,1781981,1938073,349228,361218
Norway,2005,1988942,1988942,404450,404450
Norway,2006,2215312,2036579,463597,441453
Norway,2007,2349861,2096246,550940,493200
Norway,2008,2605380,2104302,584604,497777
Norway,2009,2429698,2070159,561397,463966
Norway,2010,2590089,2082619,533044,433080
Norway,2011,2791973,2102795,595150,465044
Norway,2012,2965208,2160597,659479,500417
Norway,2013,3071134,2182175,717132,531897
Norway,2014,3140371,2224047,739271,528410
Norway,2015,3117433,2259877,729601,508483
Portugal,1970,1162.8353,57326.6745,288.9616,13603.5306
Portugal,1971,1302.1555,61128.3803,344.4704,14940.1939
Portugal,1972,1516.3061,66028.2456,439.3918,16958.4097
Portugal,1973,1845.758,73423.8522,529.3485,18574.0617
Portugal,1974,2219.038,74262.9843,617.225,17282.1877
Portugal,1975,2467.0629,71034.3037,684.0777,15328.7274
Portugal,1976,3066.4932,75935.8348,822.1931,15454.4612
Portugal,1977,4093.2082,80190.2138,1160.2843,17309.1692
Portugal,1978,5148.9915,82448.343,1537.9345,18384.895
Portugal,1979,6496.6072,87097.5534,1847.1114,18137.7179
Portugal,1980,8215.0699,91094.7564,2511.1396,19685.8797
Portugal,1981,9817.99,92568.7638,3240.0655,20769.2799
Portugal,1982,12102.393,94545.4543,4022.1186,21238.1345
Portugal,1983,15054.1126,94381.7838,4699.0648,19723.4536
Portugal,1984,18415.9739,92607.4255,4644.398,16294.2861
Portugal,1985,23047.9929,95207.3231,5374.0237,15716.3321
Portugal,1986,28911.1629,99149.8161,6836.8088,17424.8173
Portugal,1987,33861.4742,105476.9564,8862.5405,20560.8055
Portugal,1988,40461.3085,113376.2396,11288.522,23610.5133
Portugal,1989,47595.2845,120678.3938,12906.3342,24474.0193
Portugal,1990,55978.9351,125445.8219,14959.9075,26335.8009
Portugal,1991,64316.9854,130925.5544,16347.8883,27212.3396
Portugal,1992,72459.6508,132351.9576,17510.9646,28443.3846
Portugal,1993,76214.823,129647.6404,17269.6945,26866.7656
Portugal,1994,82550.3193,130898.5304,18724.6051,27598.196
Portugal,1995,89037.32,136504.627,20718.18,29406.11
Portugal,1996,94351.378,141277.763,22452.271,30911.087
Portugal,1997,102356.901,147531.014,26596.117,35318.245
Portugal,1998,111385.192,154600.363,30445.719,39464.676
Portugal,1999,119639.161,160611.555,32994.807,41863.782
Portugal,2000,128466.305,166694.708,35959.089,43568.024
Portugal,2001,135827.522,169934.093,37172.122,43986.875
Portugal,2002,142631.414,171240.542,36860.002,42500.373
Portugal,2003,146158.277,169640.804,34705.39,39391.296
Portugal,2004,152371.562,172713.986,35645.79,39448.111
Portugal,2005,158652.559,174038.332,36644.69,39485.087
Portugal,2006,166248.715,176741.24,37407.252,39151.027
Portugal,2007,175467.717,181145.635,39447.176,40365.427
Portugal,2008,178872.582,181506.608,40850.362,40514.357
Portugal,2009,175448.19,176101.153,37106.812,37447.299
Portugal,2010,179929.812,179444.77,36937.724,37094.936
Portugal,2011,176166.578,176166.578,32451.804,32451.804
Portugal,2012,168397.969,169070.136,26671.974,27057.706
Portugal,2013,170269.327,167159.38,25121.988,25689.832
Portugal,2014,173079.055,168652.27,25993.084,26287.095
Portugal,2015,179504.332,171341.328,27416.647,27468.733
Spain,1970,17198.9123,345772.5418,4651.3734,81992.2716
Spain,1971,19410.7429,361849.1445,4800.2772,79531.7331
Spain,1972,22780.8089,391338.9302,5899.0375,90826.4558
Spain,1973,27464.7624,421818.2268,7533.5794,102633.1888
Spain,1974,33633.2977,445519.2893,9763.0566,108997.2041
Spain,1975,39490.5286,447934.9097,10827.8206,104092.1775
Spain,1976,47522.3121,462733.7453,12288.9815,103259.1575
Spain,1977,60298.8711,475868.7864,14968.5696,102329.8348
Spain,1978,73803.333,482830.7628,17348.3104,99567.5472
Spain,1979,86335.2958,483031.3621,19326.215,95185.7661
Spain,1980,100026.802,493700.2117,22901.2656,95851.8611
Spain,1981,112232.4347,493046.2138,25559.1198,94269.5044
Spain,1982,129065.149,499191.8462,29095.5687,95220.5413
Spain,1983,146959.6788,508028.1197,32224.2488,94045.5401
Spain,1984,165834.1847,517094.8342,33326.696,89548.4014
Spain,1985,184269.0653,529098.8591,38028.6492,95546.7502
Spain,1986,210962.3947,546312.1472,44693.7783,105545.6212
Spain,1987,235900.371,576616.7519,52901.7028,118420.3238
Spain,1988,262634.6202,605991.4788,63707.5774,134469.4773
Spain,1989,294298.1278,635242.8711,75482.4285,150620.8754
Spain,1990,327803.025,659263.9034,84901.0482,160338.9794
Spain,1991,359461.2864,676048.7662,90444.8129,163003.8303
Spain,1992,387148.2318,682330.7156,89671.3132,156263.8025
Spain,1993,400539.4886,675292.5304,85288.849,142347.1789
Spain,1994,425995.7819,691386.0704,90063.3178,144977.9482
Spain,1995,459337,710451,101154,156207
Spain,1996,487992,729453,106422,160060
Spain,1997,518049,756367,115320,168531
Spain,1998,554042,788936,129667,186630
Spain,1999,594316,824319,147833,205284
Spain,2000,646250,867918,168958,220514
Spain,2001,699528,902644,183497,231280
Spain,2002,749288,928638,199489,241963
Spain,2003,803472,958239,222197,258835
Spain,2004,861420,988584,245709,272113
Spain,2005,930566,1025390,278162,292475
Spain,2006,1007974,1068191,313006,313988
Spain,2007,1080807,1108450,335552,327711
Spain,2008,1116207,1120820,326064,314843
Spain,2009,1079034,1080764,262499,261722
Spain,2010,1080913,1080913,248987,248987
Spain,2011,1070413,1070103,229884,231713
Spain,2012,1039758,1038751,205839,211764
Spain,2013,1025634,1021031,192371,204466
Spain,2014,1037025,1035111,198335,212196
Spain,2015,1075639,1068283,212069,225002
Sweden,1950,36272.0861,699702.0583,8499.4282,..
Sweden,1951,44684.1341,719337.8721,10595.8431,..
Sweden,1952,48610.103,731156.2121,12339.4466,..
Sweden,1953,50260.2984,756464.125,13544.8852,..
Sweden,1954,53252.0571,799726.0561,14580.3096,..
Sweden,1955,57254.9242,823812.232,15005.984,..
Sweden,1956,62228.3722,851274.9087,16275.3377,..
Sweden,1957,66465.0516,871524.5251,17319.7102,..
Sweden,1958,70212.2839,892539.3409,19100.3845,..
Sweden,1959,74799.1622,940406.5517,21045.9597,..
Sweden,1960,81365.6516,974770.1062,23174.3321,..
Sweden,1961,88514.0739,1030149.65,25856.2092,..
Sweden,1962,95993.9901,1074024.21,28673.5862,..
Sweden,1963,103901.0036,1131247.509,31660.9773,..
Sweden,1964,115870.1165,1208411.763,35786.057,..
Sweden,1965,127507.7355,1254591.31,39558.3254,..
Sweden,1966,138697.4741,1280822.86,43210.4335,..
Sweden,1967,150548.1221,1323927.527,46962.2491,..
Sweden,1968,159757.2104,1372098.705,47952.9329,..
Sweden,1969,173493.9446,1440828.161,50578.5647,..
Sweden,1970,194281.4195,1534102.678,54918.3991,386591.566
Sweden,1971,210061.1538,1548594.521,57896.8421,384361.1929
Sweden,1972,229852.0686,1584037.805,64081.2659,400375.1172
Sweden,1973,255781.3364,1646892.126,70312.9868,411025.3415
Sweden,1974,288927.6114,1699562.958,77977.684,398573.0684
Sweden,1975,339304.2964,1742950.466,89208.8431,410894.1431
Sweden,1976,383763.9707,1761392.71,102163.1528,418526.8038
Sweden,1977,417401.7713,1733276.328,110755.8971,406201.8703
Sweden,1978,465268.8706,1763635.495,113717.7222,378410.9589
Sweden,1979,521511.6472,1831359.16,130033.9655,395308.5431
Sweden,1980,592518.893,1862491.743,150581.3876,408976.3309
Sweden,1981,647398.2839,1870962.922,154781.8871,385236.0191
Sweden,1982,708475.2603,1894324.975,168181.0459,387729.7091
Sweden,1983,793803.2515,1930329.249,191341.3167,397848.0597
Sweden,1984,890555.8328,2011973.204,218202.271,427446.8679
Sweden,1985,968063.0614,2055439.345,248816.3192,457334.4528
Sweden,1986,1056972.018,2110757.861,259665.266,462433.5144
Sweden,1987,1143993.85,2181549.365,292665.9036,499242.1659
Sweden,1988,1250367.029,2237376.058,333910.309,530876.7697
Sweden,1989,1385279.861,2296774.072,404723.1118,595127.1796
Sweden,1990,1527963.576,2314107.246,440942.5131,596125.9319
Sweden,1991,1635017.409,2287588.159,423345.4115,545195.943
Sweden,1992,1632482.883,2261084.328,372079.1204,483579.6228
Sweden,1993,1634131,2214379,314452,412740
Sweden,1994,1744433,2304894,336119,444215
Sweden,1995,1883562,2397650,367453,479708
Sweden,1996,1932025,2434043,386890,504794
Sweden,1997,2019261,2504642,398592,511674
Sweden,1998,2121037,2610508,436965,551774
Sweden,1999,2237854,2728768,478352,590557
Sweden,2000,2380358,2857983,525973,628931
Sweden,2001,2478130,2902665,556736,644469
Sweden,2002,2569876,2962854,556461,629904
Sweden,2003,2677446,3033540,569520,645397
Sweden,2004,2805115,3164605,605526,682905
Sweden,2005,2907352,3253794,643616,717500
Sweden,2006,3099081,3406336,712786,784531
Sweden,2007,3297053,3522320,787626,848121
Sweden,2008,3387599,3502699,823864,852866
Sweden,2009,3288509,3321096,733903,738836
Sweden,2010,3519994,3519994,783315,783315
Sweden,2011,3656577,3613781,829735,827585
Sweden,2012,3684800,3603434,834180,825684
Sweden,2013,3769909,3648160,842148,830905
Sweden,2014,3936840,3743170,907443,876294
Sweden,2015,4181103,3896077,988747,937234
Switzerland,1970,105884.7039,317308.5089,35505.9023,70562.2587
Switzerland,1971,120284.5098,330240.2349,42861.7634,77518.1055
Switzerland,1972,136301.8121,340809.6023,49285.6924,81377.7522
Switzerland,1973,151892.8428,351203.9802,54365.0782,83738.7815
Switzerland,1974,164786.0996,356313.6744,55325.4662,80176.0307
Switzerland,1975,163682.4648,330362.7276,47884.2373,69289.8478
Switzerland,1976,165790.4656,325725.5051,41588.36,62008.8293
Switzerland,1977,170263.398,333652.5307,43018.2711,63012.6202
Switzerland,1978,177136.2981,335017.449,46226.6786,66858.129
Switzerland,1979,185159.5476,343364.4494,49207.4386,70265.3628
Switzerland,1980,198922.8657,359166.0037,57623.2836,77235.3475
Switzerland,1981,213549.8561,364917.4577,62484.5275,78284.249
Switzerland,1982,226239.8577,360139.1649,62827.4201,75051.4517
Switzerland,1983,233074.7671,362440.7403,66231.3922,77690.3112
Switzerland,1984,249113.1113,373344.612,70208.9095,81013.5013
Switzerland,1985,264129.0119,387059.7844,75349.0431,83895.4287
Switzerland,1986,277202.4172,394253.8045,81058.4914,89663.5371
Switzerland,1987,287774.1905,400504.6125,85020.4427,93330.6065
Switzerland,1988,305499.0301,413631.5366,95325.9176,101075.0866
Switzerland,1989,329752.6997,431545.0666,104575.5365,105817.6722
Switzerland,1990,357608.2713,447402.7323,111536.6962,110711.4581
Switzerland,1991,373499.4917,443305.3439,111626.5851,108641.7881
Switzerland,1992,381268.1797,443111.4732,102296.7237,99948.9111
Switzerland,1993,389629.8297,442553.2257,97924.6931,96489.6484
Switzerland,1994,399250.5058,448172.5793,101293.018,100321.1555
Switzerland,1995,404130.0328,450327.6908,102256.2821,105075.8307
Switzerland,1996,407409.5179,453034.5816,99004.0218,103907.9619
Switzerland,1997,415948.4212,463508.9556,100158.7836,107320.965
Switzerland,1998,427658.4067,477158.2397,106420.6702,114723.66
Switzerland,1999,435463.9366,484999.7247,109246.3751,117232.5309
Switzerland,2000,458778.949,504138.311,116259.5128,122976.7487
Switzerland,2001,470213.9171,511431.1496,115809.3249,120509.3841
Switzerland,2002,469337.8031,512164.5131,115331.8202,120742.9471
Switzerland,2003,474015.0136,512419.1006,113509.5578,119489.7709
Switzerland,2004,489369.0964,526986.911,119801.0196,125564.2634
Switzerland,2005,507463.3989,542998.3825,124107.9326,129581.1453
Switzerland,2006,538125.4323,564787.7429,131218.3404,135640.9593
Switzerland,2007,573080.3259,588171.923,140470.3859,142354.545
Switzerland,2008,597380.5153,601566.0098,144461.6493,143402.9646
Switzerland,2009,587060.667,588754.9487,133297.5247,132618.7237
Switzerland,2010,606145.6911,606145.6911,138429.9739,138429.9739
Switzerland,2011,618324.7647,617083.9169,144596.4527,144320.7808
Switzerland,2012,623610.8621,623551.5897,147803.2394,148434.5669
Switzerland,2013,634776.023,634654.4216,149167.1722,150034.6997
Switzerland,2014,643784.4209,647327.7479,153218.8636,154293.5408
Switzerland,2015,645555.7025,652779.7813,154215.1773,156801.7945
Turkey,1970,0.2836,206489.4774,0.0499,27648.0525
Turkey,1971,0.351,217986.5963,0.0565,25406.2059
Turkey,1972,0.4199,234174.295,0.0696,30252.4282
Turkey,1973,0.5272,241812.5404,0.0906,32740.1279
Turkey,1974,0.7158,255340.0015,0.1274,49233.1184
Turkey,1975,0.9278,273655.8903,0.1747,51387.458
Turkey,1976,1.1797,302288.6086,0.26,61475.7677
Turkey,1977,1.5088,312580.9762,0.3231,48208.0361
Turkey,1978,2.2466,317283.787,0.3966,39978.2089
Turkey,1979,3.9247,315302.3686,0.721,41078.2972
Turkey,1980,7.201,307590.7373,1.0913,34198.5783
Turkey,1981,10.8765,322524.7609,2.0041,45016.1133
Turkey,1982,14.4433,334015.7642,2.6542,42445.0736
Turkey,1983,19.143,350613.2007,3.4513,43545.1619
Turkey,1984,30.2811,374145.6013,5.4738,43949.361
Turkey,1985,48.3118,390015.2946,10.0466,48987.2653
Turkey,1986,70.3154,417375.9913,16.7378,53095.9285
Turkey,1987,102.8623,456961.0912,24.2841,77052.418
Turkey,1988,177.8906,466650.2759,44.3073,76250.312
Turkey,1989,312.9344,467824.5598,68.0763,77926.5507
Turkey,1990,541.0869,511123.1619,118.0541,90298.9854
Turkey,1991,867.4195,515858.8007,197.198,90689.1417
Turkey,1992,1505.1313,546729.2497,339.3615,96452.371
Turkey,1993,2728.2397,590697.3266,690.1402,121873.4823
Turkey,1994,5325.2825,558470.8719,1250.6717,102412.1452
Turkey,1995,10685.8028,598631.7329,2429.9586,111774.705
Turkey,1996,20335.2979,640567.798,4867.5699,127501.1257
Turkey,1997,39695.4982,688794.8725,10005.1055,146416.4939
Turkey,1998,71892.8983,710091.4688,16861.5648,140712.2236
Turkey,1999,107164.3451,686024.304,21332.5403,120376.1416
Turkey,2000,170666.7148,731576.7371,38066.6008,146731.3793
Turkey,2001,245428.7596,687957.8586,44356.4073,107068.9164
Turkey,2002,359358.8714,732195.4658,70474.2428,126128.4449
Turkey,2003,468015.1464,773258.8553,97573.3323,150626.7243
Turkey,2004,577023.4973,847834.4337,146656.7996,198602.0175
Turkey,2005,673702.9427,924223.0725,179547.3415,237498.4367
Turkey,2006,789227.5551,989932.592,226412.6431,274007.2212
Turkey,2007,880460.8792,1039730.731,247402.873,289097.3261
Turkey,2008,994782.8584,1048519.07,267077.4562,281169.3714
Turkey,2009,999191.8481,999191.8481,223566.2342,223566.2342
Turkey,2010,1160013.978,1083996.979,288473.7603,273904.1096
Turkey,2011,1394477.166,1204466.935,391383.3997,339209.9094
Turkey,2012,1569672.115,1262160.182,428831.7884,348385.8368
Turkey,2013,1809713.087,1369334.107,516209.7148,396596.9134
Turkey,2014,2044465.876,1440083.365,590742.4567,416819.5362
Turkey,2015,2337529.94,1527318.279,694689.8591,455339.9003
United Kingdom,1950,12898,359774,..,..
United Kingdom,1951,14477,373254,..,..
United Kingdom,1952,15715,379199,..,..
United Kingdom,1953,16843,400153,..,..
United Kingdom,1954,17756,417347,..,..
United Kingdom,1955,19292,433302,..,..
United Kingdom,1956,20933,440315,..,..
United Kingdom,1957,22180,448743,..,..
United Kingdom,1958,23270,454426,..,..
United Kingdom,1959,24378,473093,..,..
United Kingdom,1960,26155,502799,..,..
United Kingdom,1961,27765,516253,..,..
United Kingdom,1962,29017,521906,..,..
United Kingdom,1963,30915,547364,..,..
United Kingdom,1964,33717,577677,..,..
United Kingdom,1965,36366,589975,..,..
United Kingdom,1966,38776,599211,..,..
United Kingdom,1967,40960,615879,..,..
United Kingdom,1968,44900,649439,..,..
United Kingdom,1969,48527,661919,..,..
United Kingdom,1970,54451,679900,12776.5829,126847.9143
United Kingdom,1971,60860,703556,14323.6828,129378.0509
United Kingdom,1972,68054,733770,15723.5607,129327.1427
United Kingdom,1973,78594,781583,19399.0335,137788.0824
United Kingdom,1974,88183,762257,23099.8893,135100.1304
United Kingdom,1975,109274,750912,27838.9139,132544.5398
United Kingdom,1976,129450,772852,32541.133,134833.711
United Kingdom,1977,150816,791889,35981.8121,132768.5358
United Kingdom,1978,175163,825111,41104.1215,136104.7185
United Kingdom,1979,207293,855933,48923.3851,139669.9881
United Kingdom,1980,243097,838462,55350.3858,133036.6522
United Kingdom,1981,269085,831931,55520.4526,121420.4578
United Kingdom,1982,294814,848700,60836.9427,128719.6122
United Kingdom,1983,323001,884520,66121.7039,135214.6886
United Kingdom,1984,346946,904639,75232.9673,147511.617
United Kingdom,1985,381251,942519,82724.789,153661.6425
United Kingdom,1986,410311,972239,88309.0708,157034.086
United Kingdom,1987,455965,1024346,101968.9855,171918.1158
United Kingdom,1988,511671,1083629,124321.3425,197439.3945
United Kingdom,1989,566512,1111618,144021.1657,209478.7056
United Kingdom,1990,615673,1119587,144699.4597,204847.841
United Kingdom,1991,647966,1107059,133985.5149,191883.672
United Kingdom,1992,672170,1111043,129779.0705,193608.9682
United Kingdom,1993,707734,1138897,130533.3125,196627.8873
United Kingdom,1994,745196,1183144,140611.7157,209205.0871
United Kingdom,1995,836646,1212798,153304,219121
United Kingdom,1996,892900,1243709,168531,229349
United Kingdom,1997,938855,1282602,166150,225752
United Kingdom,1998,980308,1323527,178465,243682
United Kingdom,1999,1021205,1366983,185960,250037
United Kingdom,2000,1080863,1418176,196404,258770
United Kingdom,2001,1120575,1456837,199205,255914
United Kingdom,2002,1172652,1491761,209213,263108
United Kingdom,2003,1242449,1543469,214831,269400
United Kingdom,2004,1304874,1582486,224300,277286
United Kingdom,2005,1379457,1629519,239919,287077
United Kingdom,2006,1455644,1670306,256156,296121
United Kingdom,2007,1530890,1712996,276323,312995
United Kingdom,2008,1564252,1702252,271152,292575
United Kingdom,2009,1519459,1628583,236583,248099
United Kingdom,2010,1572439,1659773,245687,260396
United Kingdom,2011,1628274,1684820,255231,265327
United Kingdom,2012,1675044,1706942,266761,271534
United Kingdom,2013,1739563,1739563,280224,280224
United Kingdom,2014,1822480,1792976,302495,298872
United Kingdom,2015,1872714,1832318,317056,309144
United States,1970,1075884,4722011.8,227841,850955.3
United States,1971,1167770,4877624.6,247077.7,859763.1
United States,1972,1282449,5134346.8,279724.5,928809.9
United States,1973,1428549,5424084.4,316688.3,994211.4
United States,1974,1548825,5396033.5,336699.5,955733
United States,1975,1688923,5385366.7,347906,885458.5
United States,1976,1877587,5675427.4,395749,956023
United States,1977,2085951,5936985,467446.9,1054607.4
United States,1978,2356571,6267181.4,558152.2,1167115.3
United States,1979,2632143,6466207.7,641772.3,1233557.4
United States,1980,2862505,6450391.6,672381.7,1180711.9
United States,1981,3210956,6617745.1,748765.4,1203016.1
United States,1982,3344991,6491287.2,752896.3,1138314.6
United States,1983,3638137,6791993.3,814433.9,1221588.3
United States,1984,4040693,7285030,947862.6,1405351.2
United States,1985,4346734,7593823.3,1027697.9,1503808.9
United States,1986,4590155,7860489.1,1080658.9,1550562.7
United States,1987,4870217,8132599.4,1119667.6,1578273
United States,1988,5252629,8474491.6,1176876.2,1615490.5
United States,1989,5657693,8786397.3,1242439.4,1662929.2
United States,1990,5979589,8955040.8,1269271.2,1661264.8
United States,1991,6174043,8948406.5,1238830,1592531.7
United States,1992,6539299,9266557.8,1292800,1658514.7
United States,1993,6878718,9521004.2,1377898.5,1743230.9
United States,1994,7308755,9905428.4,1486870.6,1849737.5
United States,1995,7664060,10174754.6,1593989.9,1945525.4
United States,1996,8100201,10560976.2,1721211.4,2094992.9
United States,1997,8608515,11034849.9,1854201.3,2249972.7
United States,1998,9089168,11525891.2,2013010.8,2450167.7
United States,1999,9660624,12065902.4,2191844,2654665.2
United States,2000,10284779,12559660,2369467.5,2822279.6
United States,2001,10621824,12682240.3,2380554.5,2807047.3
United States,2002,10977514,12908761,2350063.8,2757537.8
United States,2003,11510670,13271081.3,2473921.1,2865711.6
United States,2004,12274928,13773490.1,2701280,3032004
United States,2005,13093726,14234242.8,2981170.4,3201865.8
United States,2006,13855888,14613816.9,3166023.9,3271614.8
United States,2007,14477635,14873734.4,3201496.1,3231050.1
United States,2008,14718582,14830358.7,3091435.7,3074563.1
United States,2009,14418739,14418738.5,2672713.8,2672713.8
United States,2010,14964372,14783809,2691106.9,2702601
United States,2011,15517926,15020564.9,2835999.5,2802501.9
United States,2012,16155254.8,15354626.6,3064346.2,2978336.3
United States,2013,16691517,15612175,3206215,3069164
United States,2014,17393103,15982255,3415523,3199212
United States,2015,18036648,16397178,3576630,3319175