Country,Year,Debt assets (stock),Debt liabilities (stock)
Australia,1970,1375.413126,4346.970847
Australia,1971,1364.488063,4384.118541
Australia,1972,1499.309637,4607.183328
Australia,1973,1334.772471,4619.312217
Australia,1974,1868.342129,5469.109631
Australia,1975,1914.310134,5491.393626
Australia,1976,1835.441048,6969.018331
Australia,1977,2303.298457,9165.398732
Australia,1978,2622.745794,12058.5303
Australia,1979,3636.095002,13964.56888
Australia,1980,4223.816381,14733.69651
Australia,1981,3774.980457,18685.99316
Australia,1982,3791.556128,28146.28138
Australia,1983,3764.168687,31927.98376
Australia,1984,5016.245762,39733.07503
Australia,1985,6464.527157,49661.59503
Australia,1986,7526.2008,65160.89205
Australia,1987,11004.3975,81086.13546
Australia,1988,16994.5075,109274.726
Australia,1989,18192.465,120630.7079
Australia,1990,21097.1706,132383.5469
Australia,1991,22935.3228,142171.4966
Australia,1992,23269.8598,139878.0724
Australia,1993,26138.7684,146609.0775
Australia,1994,28053.35448,161325.8198
Australia,1995,33098.115,173734
Australia,1996,41645.80371,203956.592
Australia,1997,46181.13651,190626.9122
Australia,1998,48065.91518,193361.9278
Australia,1999,56233.9918,221765.691
Australia,2000,58248.114,223342.33
Australia,2001,58008.2448,223769.9394
Australia,2002,72792.3706,270161.7638
Australia,2003,99926.25,375741
Australia,2004,127040.099,450013.499
Australia,2005,138969.3833,486594.9759
Australia,2006,193725.2747,614643.0663
Australia,2007,255587.3008,743209.9584
Australia,2008,245008.72,694907.5951
Australia,2009,344435.6101,911267.5034
Australia,2010,407591.1802,1026314.642
Australia,2011,433876.5072,1127582.891
Austria,1970,1443.539737,2887.990169
Austria,1971,1858.732969,3542.211413
Austria,1972,2548.592647,4446.475686
Austria,1973,4097.296928,5827.888037
Austria,1974,5251.27059,7741.738782
Austria,1975,6193.541959,9535.003232
Austria,1976,10559.90023,14435.44925
Austria,1977,13626.26188,19588.4029
Austria,1978,18021.49535,26258.89873
Austria,1979,24789.13478,33279.65222
Austria,1980,27231.73,40454.84
Austria,1981,27546.05,42474.54
Austria,1982,29441.24,39609.34
Austria,1983,29936.97,33427.12
Austria,1984,30485.45,38898.96
Austria,1985,44068.29,54577.55
Austria,1986,56243.62,69226.84
Austria,1987,69804.45,86613.33
Austria,1988,65563.07,82109.03
Austria,1989,71773.17,88853.16
Austria,1990,83094.5,102753.58
Austria,1991,84030.31,109738.98
Austria,1992,88127.53,114100.76
Austria,1993,88487.19,118611.55
Austria,1994,99772.09,136794.61
Austria,1995,116574.15,165136.8
Austria,1996,116578.42,161840.42
Austria,1997,117402.2,163550.38
Austria,1998,132481.69,197087.32
Austria,1999,157599.03,224257.26
Austria,2000,174967.1258,248184.5419
Austria,2001,191173.7201,265121.563
Austria,2002,247000.3823,318910.0103
Austria,2003,327260.9147,400077.1276
Austria,2004,409582.1144,485396.1341
Austria,2005,428661.9719,499956.5706
Austria,2006,563989.9799,633598.7044
Austria,2007,689819.8601,762257.8463
Austria,2008,680512.4925,780573.5499
Austria,2009,704484.0841,768591.3116
Austria,2010,633535.1784,726310.456
Austria,2011,631640.5752,740477.2503
Belgium,1970,7709.137647,7759.559529
Belgium,1971,9731.012705,8982.034226
Belgium,1972,12402.28893,10678.40984
Belgium,1973,16959.01139,15121.58367
Belgium,1974,23908.6953,21283.70916
Belgium,1975,24498.97731,22123.90605
Belgium,1976,30589.15967,26793.53635
Belgium,1977,39379.72307,35966.81099
Belgium,1978,53644.7201,50409.8483
Belgium,1979,66335.3286,65874.83363
Belgium,1980,79739.91456,82787.94972
Belgium,1981,88871.55,95943.84
Belgium,1982,90153.45,97250.63
Belgium,1983,89845.44,99101.37
Belgium,1984,96353.83,107260.62
Belgium,1985,126052.46,138641.81
Belgium,1986,166740.9,181638.2
Belgium,1987,217117.82,237448.14
Belgium,1988,214031.34,235479.99
Belgium,1989,246252.75,270805.34
Belgium,1990,302267.44,327959.38
Belgium,1991,315382.18,332683.12
Belgium,1992,318866.82,335051.23
Belgium,1993,324619.27,335142.62
Belgium,1994,380651.8,379992.16
Belgium,1995,433460.5,430561.26
Belgium,1996,433144.7,406478.21
Belgium,1997,425554.7,386170.94
Belgium,1998,450961.8,403774.19
Belgium,1999,468771.5,418717.32
Belgium,2000,436784.144,401138.55
Belgium,2001,459931.9627,429592.3289
Belgium,2002,575445.8101,541293.8459
Belgium,2003,768175.545,731129.229
Belgium,2004,943412.2536,872633.4513
Belgium,2005,959219.9685,912976.9082
Belgium,2006,1138815.168,1086011.37
Belgium,2007,1479354.509,1429341.383
Belgium,2008,1344732.908,1296914.096
Belgium,2009,1291036.908,1174055.506
Belgium,2010,1189230.293,1045958.982
Belgium,2011,1180452.271,1037034.894
Canada,1970,14085.6,25701.72
Canada,1971,15143.09,28839.83
Canada,1972,17433.36,33066.67
Canada,1973,22938.43,38563.39
Canada,1974,25201.31,43269.05
Canada,1975,26172.06,51316.21
Canada,1976,31017.78,65962.73
Canada,1977,34323.54,70939.05
Canada,1978,39961.18,89126.91
Canada,1979,44273.46,103839.06
Canada,1980,57356.78,119224.82
Canada,1981,68239.41,153753.3776
Canada,1982,72238.71,155259.9624
Canada,1983,68801.37,159520.9557
Canada,1984,72578.77,166776.8556
Canada,1985,73299.6,181536.1451
Canada,1986,83231.94,207393.8434
Canada,1987,83555.27081,231806.2784
Canada,1988,81542.2185,254794.2049
Canada,1989,87667.07894,282253.7049
Canada,1990,96775.44256,313119.4835
Canada,1991,97392.94825,350984.911
Canada,1992,98441.82676,352837.7892
Canada,1993,99992.86329,386753.4288
Canada,1994,117366.7444,387023.1358
Canada,1995,136692.574,430188.6712
Canada,1996,152704.5145,449462.8639
Canada,1997,162859.0819,475180.168
Canada,1998,160426.3391,488221.0108
Canada,1999,149875.9473,457978.9058
Canada,2000,153032.3423,433342.0058
Canada,2001,158165.2276,457399.9603
Canada,2002,164052.0176,497226.7354
Canada,2003,192984.9972,553017.2354
Canada,2004,226444.9185,577542.8848
Canada,2005,270886.9377,597146.4656
Canada,2006,350125.7252,651495.1846
Canada,2007,446543.4399,770394.3029
Canada,2008,426940.9036,737482.4453
Canada,2009,504541.6551,894225.3264
Canada,2010,561054.5848,1012940.877
Canada,2011,603658.0193,1121877.95
Denmark,1970,1566.902706,4259.046108
Denmark,1971,1663.504702,5315.300142
Denmark,1972,1973.156668,6002.275859
Denmark,1973,2899.033795,8280.978062
Denmark,1974,4126.710232,10341.53098
Denmark,1975,3910.194006,10248.13359
Denmark,1976,5124.150319,14395.37711
Denmark,1977,6430.037149,19612.62445
Denmark,1978,8622.010518,26619.28389
Denmark,1979,9578.716551,31380.63374
Denmark,1980,9219.158417,32388.12145
Denmark,1981,9520.091898,31940.06041
Denmark,1982,10561.33858,34195.32977
Denmark,1983,11647.05694,37138.18354
Denmark,1984,13196.93714,38534.98188
Denmark,1985,21436.39375,57180.36184
Denmark,1986,26792.52175,73183.78519
Denmark,1987,37032.67755,98690.00927
Denmark,1988,41947.61651,103081.2238
Denmark,1989,51120.76592,112364.8894
Denmark,1990,74454.80732,146352.4091
Denmark,1991,72207.66044,140864.1245
Denmark,1992,69858.5245,137319.1591
Denmark,1993,77076.41196,137320.0443
Denmark,1994,71181.98257,126911.0636
Denmark,1995,75549.94591,138838.8027
Denmark,1996,87307.59526,153082.6815
Denmark,1997,86580.72077,154849.1064
Denmark,1998,101591.6386,181549.8317
Denmark,1999,92683.94875,171150.7271
Denmark,2000,97502.15074,166206.0969
Denmark,2001,97689.71507,169442.3641
Denmark,2002,127061.1945,207916.7132
Denmark,2003,176731.0864,269823.0742
Denmark,2004,220596.3331,317288.9656
Denmark,2005,231160.7976,321910.4695
Denmark,2006,277807.7861,402422.369
Denmark,2007,363898.0947,514519.3388
Denmark,2008,372113.7581,529604.5337
Denmark,2009,370461.0701,549866.2422
Denmark,2010,380181.8894,547664.1284
Denmark,2011,359124.8956,521202.346
Finland,1970,1456,5035.712429
Finland,1971,1449,5472.631558
Finland,1972,1881,5824.462881
Finland,1973,2372,6145.230402
Finland,1974,2910,7234.086548
Finland,1975,2962.6,8545.23
Finland,1976,3469.07,10024.06
Finland,1977,3848.18,11218.16
Finland,1978,4685.43,12567.45
Finland,1979,5720.29,14276.07
Finland,1980,7175.52,16995.86
Finland,1981,8118.89,17629.58
Finland,1982,8857.49,19023.25
Finland,1983,9426.51,20235.8
Finland,1984,10023.74,22715.46
Finland,1985,11802.29,26608.09
Finland,1986,16312.27,30497.92
Finland,1987,18937.41,43731.37
Finland,1988,19561.76,47435.36
Finland,1989,21790.83,55674.31
Finland,1990,23365.99,77839.84
Finland,1991,25033.14,80849.02
Finland,1992,25677.22,78755.19
Finland,1993,25487.08,77536.35
Finland,1994,27393.32,88891.26
Finland,1995,30987.94,87800.67
Finland,1996,38321.88,85268.2
Finland,1997,37798.8,80152.2
Finland,1998,41238.43,89719.98
Finland,1999,50299.3174,84704.8582
Finland,2000,64498.538,99342.041
Finland,2001,78155.4466,108171.6433
Finland,2002,100101.1102,129805.3804
Finland,2003,137628.6174,155872.8671
Finland,2004,179332.5196,192194.8026
Finland,2005,170366.6822,182624.6736
Finland,2006,221463.4143,227218.4146
Finland,2007,263065.5213,264880.2084
Finland,2008,257796.3648,280030.474
Finland,2009,304499.2907,354890.2825
Finland,2010,338470.8979,398814.3368
Finland,2011,407046.5906,480314.1149
France,1970,15195.74498,20098.66207
France,1971,20246.47089,26307.33804
France,1972,26573.3635,33614.96223
France,1973,45497.09939,45031.07641
France,1974,48773.42555,49633.14692
France,1975,54799.85409,58694.17737
France,1976,68816.30117,73049.96037
France,1977,91912.44719,95032.89281
France,1978,124741.5578,119688.1039
France,1979,157833.0461,147627.3927
France,1980,177811.3769,186664.7249
France,1981,168317.1433,197732.7898
France,1982,167603.1078,212604.3254
France,1983,163397.2522,223272.81
France,1984,165440.6188,222760.9854
France,1985,191922.373,247724.693
France,1986,228460.2541,279620.182
France,1987,304184.779,363456.4719
France,1988,313248.0761,358226.425
France,1989,408020,450693.5591
France,1990,517300,618238.7912
France,1991,517320,645214.4015
France,1992,584870,687672.349
France,1993,661610,750702.864
France,1994,764904.6016,802968.5746
France,1995,859826.5306,923551.0204
France,1996,834072.9425,885697.9187
France,1997,902324.6105,889530.903
France,1998,1016148.77,989751.1606
France,1999,1037349.96,1018262.56
France,2000,1057931.975,1113147.845
France,2001,1172129,1260937.601
France,2002,1520153.572,1585068.102
France,2003,1940511.09,2110940.31
France,2004,2403003.199,2611840.371
France,2005,2600967.169,2803297.516
France,2006,3253042.68,3514704.24
France,2007,4089670.452,4454986.788
France,2008,3882453.324,4468094.601
France,2009,4049440.164,4762909.192
France,2010,3867326.583,4748748.066
France,2011,3690814.992,4774057.135
Germany,1970,30910.59852,26951.45803
Germany,1971,35369.93002,34693.0027
Germany,1972,36354.59351,38909.26429
Germany,1973,46930.10751,51822.80408
Germany,1974,68538.14759,57887.01997
Germany,1975,76295.99055,66202.7202
Germany,1976,98796.32833,85921.38804
Germany,1977,120510.3356,107408.4524
Germany,1978,150259.4886,144945.8429
Germany,1979,174713.4425,176065.3527
Germany,1980,179740.1736,188592.1388
Germany,1981,179286.8548,190173.4079
Germany,1982,181003.156,192638.7546
Germany,1983,173458.7709,177122.0355
Germany,1984,177135.324,169626.1118
Germany,1985,252695.3236,232083.8581
Germany,1986,377554.6167,321309.2539
Germany,1987,494142.27,417202.0234
Germany,1988,523149.4692,392526.5405
Germany,1989,667202.2618,469878.6665
Germany,1990,846958.5007,594369.4779
Germany,1991,877769.1293,667110.1583
Germany,1992,841954.1512,764328.3767
Germany,1993,943696.9241,914937.1488
Germany,1994,1024490.573,1051372.03
Germany,1995,1179105.685,1322421.346
Germany,1996,1185145.999,1368121.945
Germany,1997,1140963.674,1285876.346
Germany,1998,1393041.841,1657879.259
Germany,1999,1441571.867,1698455.119
Germany,2000,1496165.838,1817645.214
Germany,2001,1623791.725,1874658.176
Germany,2002,2074712.424,2348803.802
Germany,2003,2667944.781,2853700.506
Germany,2004,3170278.215,3312120.499
Germany,2005,3107419.457,3166842.126
Germany,2006,3975459.324,3702786.327
Germany,2007,4985837.825,4518204.65
Germany,2008,4858590.312,4560137.464
Germany,2009,5022948.664,4513882.443
Germany,2010,5059435.783,4626952.909
Germany,2011,5053589.112,4706251.67
Greece,1970,1235.624247,1431.100006
Greece,1971,1446.159518,1772.100006
Greece,1972,1746.716768,2279.299988
Greece,1973,2156.171571,2843.683472
Greece,1974,2456.72882,3668.5
Greece,1975,2903.934776,4521.580645
Greece,1976,3455.682383,5103.694904
Greece,1977,4129.395251,6237.73075
Greece,1978,5475.316297,8188.486183
Greece,1979,5625.259756,9431.21712
Greece,1980,6997.361406,11442.76824
Greece,1981,6296.435238,13295.71386
Greece,1982,6417.818038,14610.55689
Greece,1983,6887.87888,16299.6319
Greece,1984,7030.682174,17605.47011
Greece,1985,7499.55299,21697.38657
Greece,1986,8111.227099,26259.75382
Greece,1987,9955.769647,31069.96685
Greece,1988,12081.15867,31096.86496
Greece,1989,18543.00773,32254.86496
Greece,1990,21271.74067,34260.86496
Greece,1991,20805.24991,37017.86496
Greece,1992,20111.4639,39299.86496
Greece,1993,19082.09016,40960.86496
Greece,1994,26281.75623,44380.86496
Greece,1995,33398.12038,50302.86496
Greece,1996,41127.34867,52411.86496
Greece,1997,40491.87401,60011.86496
Greece,1998,42052,66454
Greece,1999,43991.434,72067.9948
Greece,2000,37728.9835,84626.1835
Greece,2001,43916.0603,98111.02704
Greece,2002,62203.6405,146906.0908
Greece,2003,90361.161,203406.2763
Greece,2004,116442.9856,252171.0214
Greece,2005,128589.6594,262315.7326
Greece,2006,157636.7637,329386.0198
Greece,2007,223126.7655,448735.9947
Greece,2008,255252.5599,500704.4343
Greece,2009,302071.8238,593398.0895
Greece,2010,233516.5456,538357.5612
Greece,2011,207977.1715,471236.3477
Iceland,1970,6.848025849,156.973006
Iceland,1971,6.059219772,192.3472046
Iceland,1972,10.65998015,236.5649528
Iceland,1973,15.26994713,309.5242373
Iceland,1974,34.47990188,433.2816035
Iceland,1975,36.85272815,534.8636879
Iceland,1976,47.55272815,626.5619917
Iceland,1977,58.88834491,781.3741554
Iceland,1978,76.33903729,920.0965996
Iceland,1979,101.3247868,1048.925791
Iceland,1980,143.7602635,1167.149821
Iceland,1981,159.8023806,1284.980767
Iceland,1982,160.4609142,1481.688795
Iceland,1983,197.6320769,1571.340927
Iceland,1984,218.8025659,1597.508941
Iceland,1985,186.7,1958.464099
Iceland,1986,187,2297.15
Iceland,1987,258,2891
Iceland,1988,241,3047
Iceland,1989,261,3157
Iceland,1990,244.3,3612.56
Iceland,1991,218.28,3908.89
Iceland,1992,175.56,4005.22
Iceland,1993,219.7,4003.72
Iceland,1994,318.36,4061.57
Iceland,1995,329.85,4274.22
Iceland,1996,339.43,4445.4
Iceland,1997,465.92,4613.86
Iceland,1998,521.75,5816.57
Iceland,1999,689.63,7037.201659
Iceland,2000,539.66,8573.360933
Iceland,2001,1046.342885,9027.557067
Iceland,2002,1509.12137,11021.18392
Iceland,2003,4062.036907,15915.97408
Iceland,2004,7968.070118,26316.57929
Iceland,2005,19037.62002,44672.76877
Iceland,2006,35900.59864,69649.22734
Iceland,2007,60093.14516,109737.3548
Iceland,2008,16200.72805,111333.0567
Iceland,2009,13156.82946,109219.6732
Iceland,2010,13569.60452,108828.5335
Iceland,2011,11403.68348,98655.52056
Ireland,1970,1496.626188,2316.759338
Ireland,1971,2138.437107,3496.956216
Ireland,1972,2390.500071,4079.302574
Ireland,1973,3639.395679,5196.744091
Ireland,1974,4693.313209,6723.220046
Ireland,1975,4347.187511,6673.512234
Ireland,1976,4579.420285,7168.11264
Ireland,1977,5875.873726,10128.63855
Ireland,1978,7336.685706,12476.76112
Ireland,1979,9408.498616,15735.53162
Ireland,1980,11361.67696,19208.97194
Ireland,1981,11110.12799,20183.12308
Ireland,1982,5169.794875,16278.146
Ireland,1983,4864.800096,16588.87402
Ireland,1984,4936.163984,17460.88733
Ireland,1985,5986.287792,20413.50903
Ireland,1986,7056.319061,25065.08374
Ireland,1987,10329.2878,31037.34368
Ireland,1988,11832.1482,32254.69422
Ireland,1989,15915.59433,35109.41054
Ireland,1990,24229.59578,44284.49162
Ireland,1991,25055.12311,45032.77638
Ireland,1992,33539.61134,51406.37767
Ireland,1993,40702.39317,55185.75988
Ireland,1994,55200.33864,61251.29353
Ireland,1995,83239.76229,95826.2621
Ireland,1996,124466.2271,123152.0716
Ireland,1997,197007.6272,151112.1571
Ireland,1998,335797.6505,228820.6765
Ireland,1999,422184.1546,292234.1216
Ireland,2000,468654.6995,296082.3085
Ireland,2001,561139.5734,348738.3417
Ireland,2002,750674.1418,470088.1646
Ireland,2003,1057107.003,695414.116
Ireland,2004,1333807.821,972670.1663
Ireland,2005,1484361.064,1152012.436
Ireland,2006,1942848.936,1554107.412
Ireland,2007,2503780.066,1995196.014
Ireland,2008,2390569.016,2070621.361
Ireland,2009,2433743.878,2048872.937
Ireland,2010,2325995.495,1806078.349
Ireland,2011,2488724.783,1848327.189
Italy,1970,28758.1288,25714.65691
Italy,1971,32757.928,29257.56931
Italy,1972,42885.84,36708.32
Italy,1973,48939,48971.08
Italy,1974,36997.53,39104.37
Italy,1975,39148.57,42213.36
Italy,1976,35418.28,44472.68
Italy,1977,39590.38,50686.89
Italy,1978,52641.16,60705.67
Italy,1979,66762.44,72342.04
Italy,1980,64892,88986.57
Italy,1981,66750.84,102367.5
Italy,1982,62324.82,100370.07
Italy,1983,64281.41,104839.39
Italy,1984,66522.71,107858.41
Italy,1985,82241.89,131568.63
Italy,1986,102359.86,165089.52
Italy,1987,124230.9,206313.45
Italy,1988,128263,218730.42
Italy,1989,164616.17,286613.03
Italy,1990,214900.72,395554.63
Italy,1991,258658.96,458853.59
Italy,1992,275748.15,463108.68
Italy,1993,306567,469690.2
Italy,1994,353603,515539.3
Italy,1995,414330.6,567687.6
Italy,1996,526343.2,659770.6
Italy,1997,561985.9459,694853.3527
Italy,1998,728571.7742,843282.3181
Italy,1999,661063.9702,891847.7144
Italy,2000,619509.2205,927794.106
Italy,2001,605901.6817,903811.0459
Italy,2002,695004.951,1102557.037
Italy,2003,905807.181,1418234.067
Italy,2004,1058110.608,1605313.852
Italy,2005,1114039.078,1630377.252
Italy,2006,1376775.996,2044701.765
Italy,2007,1500982.602,2373405.002
Italy,2008,1318591.216,2183017.837
Italy,2009,1378723.349,2339168.858
Italy,2010,1197951.403,2252527.559
Italy,2011,1157121.831,2170042.193
Japan,1970,23562.89452,14764.97849
Japan,1971,24165.38845,18928.46099
Japan,1972,32186.78194,21574.10991
Japan,1973,33748.56805,28207.75294
Japan,1974,18498.61977,42069.48532
Japan,1975,39081.55541,45076.5435
Japan,1976,45279.10361,51253.74743
Japan,1977,53789.43267,51133.89779
Japan,1978,83492.64536,73553.7789
Japan,1979,95048.67034,97333.82331
Japan,1980,112564.9885,129680
Japan,1981,154644.362,165610
Japan,1982,173310.5522,168220
Japan,1983,211169.059,181980
Japan,1984,272926.008,213500
Japan,1985,360767.4991,256210
Japan,1986,612479.4616,460670
Japan,1987,884861.5048,754310
Japan,1988,1226769.685,1052470
Japan,1989,1470003.129,1305380
Japan,1990,1513769.045,1428290
Japan,1991,1621740.777,1468100
Japan,1992,1637939.482,1380290
Japan,1993,1712781.269,1380780
Japan,1994,1902510.9,1463870
Japan,1995,2060120,1472620
Japan,1996,2017530,1413290
Japan,1997,2081570,1468010
Japan,1998,2285989.365,1497747.819
Japan,1999,2187377.965,1301833.464
Japan,2000,2064590.635,1207910.531
Japan,2001,1950631.259,1091511.381
Japan,2002,2066039.891,1168138.533
Japan,2003,2311887.208,1328641.923
Japan,2004,2583491.72,1531448.638
Japan,2005,2626414.004,1498905.315
Japan,2006,2814130.93,1491023.858
Japan,2007,3232790.457,1737980.492
Japan,2008,3543994.745,2186540.235
Japan,2009,3594408.639,2026590.951
Japan,2010,4219090.238,2467786.139
Japan,2011,4513201.027,2921451.489
Luxembourg,1970,,
Luxembourg,1971,,
Luxembourg,1972,,
Luxembourg,1973,,
Luxembourg,1974,,
Luxembourg,1975,,
Luxembourg,1976,,
Luxembourg,1977,,
Luxembourg,1978,,
Luxembourg,1979,,
Luxembourg,1980,,
Luxembourg,1981,,
Luxembourg,1982,,
Luxembourg,1983,,
Luxembourg,1984,,
Luxembourg,1985,,
Luxembourg,1986,,
Luxembourg,1987,,
Luxembourg,1988,,
Luxembourg,1989,,
Luxembourg,1990,608361.767,385771.0035
Luxembourg,1991,609897.4872,374119.0335
Luxembourg,1992,643252.6879,395986.674
Luxembourg,1993,624334.915,385427.9775
Luxembourg,1994,761363.9666,386486.8822
Luxembourg,1995,877450.8588,420708.2374
Luxembourg,1996,829822.6555,414940.3855
Luxembourg,1997,767795.5234,391813.9317
Luxembourg,1998,845565.2618,437238.0221
Luxembourg,1999,805722.1374,420071.352
Luxembourg,2000,783087.2547,413407.0487
Luxembourg,2001,903663.2505,457320.6101
Luxembourg,2002,1210596.073,633573.8154
Luxembourg,2003,1552649.03,818327.9905
Luxembourg,2004,1867246.269,954259.8586
Luxembourg,2005,2037748.797,1090376.135
Luxembourg,2006,2637379.28,1436082.464
Luxembourg,2007,3287835.805,1782212.156
Luxembourg,2008,2937594.438,1631911.432
Luxembourg,2009,3022866.674,1532834.53
Luxembourg,2010,3041155.907,1460253.147
Luxembourg,2011,3034676.12,1524166.627
Netherlands,1970,9666.552508,10081.67003
Netherlands,1971,12210.51245,12520.40603
Netherlands,1972,14182.24162,14490.64557
Netherlands,1973,18979.78062,18175.0701
Netherlands,1974,23642.94793,21856.66779
Netherlands,1975,27868.90944,26179.82589
Netherlands,1976,36726.46221,32634.49996
Netherlands,1977,44057.2793,40883.29254
Netherlands,1978,58291.40184,55054.08219
Netherlands,1979,67515.15377,67931.88937
Netherlands,1980,74280.29319,77594.85286
Netherlands,1981,72839.74888,78320.52291
Netherlands,1982,70352.45,78193.18
Netherlands,1983,75256.65,70220.59
Netherlands,1984,74555.86,66200.03
Netherlands,1985,97985.21,84162.7
Netherlands,1986,127968.11,114275.1
Netherlands,1987,163278.24,155454.82
Netherlands,1988,164881.7,152969.23
Netherlands,1989,191230.5,178252.18
Netherlands,1990,252703.07,233030
Netherlands,1991,268311.94,251640.59
Netherlands,1992,262135.94,264941.34
Netherlands,1993,274419.6,268827.68
Netherlands,1994,200071.6763,285713.9036
Netherlands,1995,339421.9587,340108.1077
Netherlands,1996,355433.0558,352568.3223
Netherlands,1997,391641.5012,374250.524
Netherlands,1998,526175.5295,499907.7866
Netherlands,1999,497992.2752,512388.1932
Netherlands,2000,529540.106,575980.4305
Netherlands,2001,610277.3362,675579.0223
Netherlands,2002,785065.2096,909502.9029
Netherlands,2003,1020776.808,1176403.668
Netherlands,2004,1256451.438,1425095.763
Netherlands,2005,1286034.619,1408591.293
Netherlands,2006,1668167.514,1806755.424
Netherlands,2007,2049226.5,2276055.029
Netherlands,2008,1769266.818,2089313.284
Netherlands,2009,1803672.977,2111682.363
Netherlands,2010,1748517.915,2129013.471
Netherlands,2011,1838458.517,2213083.816
New Zealand,1970,137.0869036,655.8666649
New Zealand,1971,140.7913954,787.7632954
New Zealand,1972,193.0853484,895.516837
New Zealand,1973,194.4273757,1020.254616
New Zealand,1974,269.8104051,1796.693667
New Zealand,1975,302.1063742,2712.257271
New Zealand,1976,306.0967471,3222.48494
New Zealand,1977,434.98063,4085.408523
New Zealand,1978,505.36658,4788.76911
New Zealand,1979,698.72032,5545.312366
New Zealand,1980,652.67091,6315.793339
New Zealand,1981,657.260999,8548.351954
New Zealand,1982,807.435499,11246.48275
New Zealand,1983,832.434479,11336.88646
New Zealand,1984,1620,13080.93864
New Zealand,1985,1996,16080.16432
New Zealand,1986,3530,21917.898
New Zealand,1987,4782,25928.3475
New Zealand,1988,5368,25545.16697
New Zealand,1989,4545,26821.82583
New Zealand,1990,5274,27706.98438
New Zealand,1991,3959,25486.87366
New Zealand,1992,3527,26151.16001
New Zealand,1993,3033,27990.35313
New Zealand,1994,2825.28325,32267.54822
New Zealand,1995,3065.995739,36047.41787
New Zealand,1996,5310,42771.10302
New Zealand,1997,4589,41023.04705
New Zealand,1998,4956.611829,40411.45075
New Zealand,1999,7838.6073,40420.09798
New Zealand,2000,9669.725694,40486.5146
New Zealand,2001,13026.756,43321.2765
New Zealand,2002,17134.416,55033.992
New Zealand,2003,19682.65,64716.6
New Zealand,2004,21858.0384,80724.4528
New Zealand,2005,16611.1692,80887.6312
New Zealand,2006,19654.3737,95763.8058
New Zealand,2007,25675.128,119017.98
New Zealand,2008,20201.7985,96212.0705
New Zealand,2009,26974.9809,119730.7517
New Zealand,2010,32285.0576,133800.0486
New Zealand,2011,39027.78,137300.6556
Norway,1970,1831.817864,3737.352021
Norway,1971,1906.409101,4752.500096
Norway,1972,2297.687458,5426.959097
Norway,1973,3570.413159,7312.995723
Norway,1974,4437.716646,9732.150949
Norway,1975,4502.514097,12547.98101
Norway,1976,4798.673519,16855.80444
Norway,1977,5296.737129,22592.50291
Norway,1978,6076.385851,27754.3395
Norway,1979,7424.463439,31220.68983
Norway,1980,9218.53,31748.82114
Norway,1981,10048.04,30211.92409
Norway,1982,10116.1,30051.27832
Norway,1983,10095.46,26906.08118
Norway,1984,10247.06,26241.42072
Norway,1985,13372.24,30908.97634
Norway,1986,17700.81,38600.81598
Norway,1987,24217.09,51221.59877
Norway,1988,22358.76,49776.5219
Norway,1989,23349.51,49695.03803
Norway,1990,29746.25,54215.27615
Norway,1991,31823.03,51392.32565
Norway,1992,32279.44,47904.08531
Norway,1993,25671.85,44053.54337
Norway,1994,33869.58214,45160.79686
Norway,1995,37047.09708,49937.36168
Norway,1996,45771.26059,61261.37926
Norway,1997,57147.9175,70840.43023
Norway,1998,62136.31579,83564.34211
Norway,1999,74462.96411,95418.12302
Norway,2000,98899.24846,123916.257
Norway,2001,115648.3865,126329.3977
Norway,2002,168051.7392,179439.5395
Norway,2003,219255.6886,221942.8144
Norway,2004,266133.1126,248384.6026
Norway,2005,299662.1861,262384.7858
Norway,2006,444926.0383,392655.4313
Norway,2007,548176.3401,521167.4677
Norway,2008,508682.7143,538101.5714
Norway,2009,477184.7751,497196.5398
Norway,2010,524111.6041,529363.3177
Norway,2011,556461.9366,530993.3941
Portugal,1970,n.a.,n.a.
Portugal,1971,n.a.,n.a.
Portugal,1972,804.8910481,3947.334407
Portugal,1973,903.2666206,4085.837368
Portugal,1974,1119.891619,4545.415377
Portugal,1975,1183.487948,4645.095539
Portugal,1976,1688.283816,5294.590488
Portugal,1977,2046.01317,7041.616482
Portugal,1978,2371.94436,8920.849847
Portugal,1979,3143.049858,10269.15519
Portugal,1980,3661.757422,11492.59802
Portugal,1981,3825.71671,16441.98037
Portugal,1982,4182.452372,19313.81829
Portugal,1983,5128.040301,21079.22339
Portugal,1984,5699.597201,22243.81799
Portugal,1985,6084.501777,22957.64479
Portugal,1986,7179.049777,22380.54339
Portugal,1987,7265.714827,22181.25199
Portugal,1988,8437.466577,22082.96999
Portugal,1989,8444.841207,23837.28129
Portugal,1990,10887.27321,25887.65919
Portugal,1991,12398.61421,29735.90419
Portugal,1992,14691.25148,29331.53289
Portugal,1993,25328.85773,35144.10787
Portugal,1994,37092.01357,47324.52088
Portugal,1995,45347.39955,62310.51263
Portugal,1996,59554.13705,72949.04294
Portugal,1997,73143.69322,87101.63863
Portugal,1998,92820.45566,111704.1988
Portugal,1999,90826.1382,114023.7828
Portugal,2000,102354.3643,138663.5679
Portugal,2001,113119.8221,161131.482
Portugal,2002,146170.6418,211899.4962
Portugal,2003,207518.8877,275989.785
Portugal,2004,236876.6187,321823.8247
Portugal,2005,221886.1537,312412.6671
Portugal,2006,264006.3258,382084.7556
Portugal,2007,310848.2709,471431.716
Portugal,2008,288950.4008,468200.2387
Portugal,2009,322490.2592,528222.965
Portugal,2010,307472.4708,504134.8628
Portugal,2011,261659.8469,456780.2012
Spain,1970,2386.359403,5108.859816
Spain,1971,3142.702092,5790.19917
Spain,1972,4950.093184,6662.178289
Spain,1973,7535.410614,8368.554929
Spain,1974,7133.795344,10471.64674
Spain,1975,7153.916037,12637.64401
Spain,1976,7821.438562,17983.29838
Spain,1977,9460.03621,24073.63311
Spain,1978,15208.30139,30546.58932
Spain,1979,21866.00567,39219.12178
Spain,1980,27009.25036,46368.20334
Spain,1981,27841.97024,53100.70456
Spain,1982,23445.6732,48710.26601
Spain,1983,21082.96107,47195.91576
Spain,1984,23502.88351,50081.31488
Spain,1985,27373.33766,50844.63185
Spain,1986,32424.1852,55231.69304
Spain,1987,35776.14679,71387.15596
Spain,1988,35432.34905,80444.24857
Spain,1989,45387.34962,96015.3117
Spain,1990,60997.80019,108507.4682
Spain,1991,69470.36279,144159.782
Spain,1992,92935.97727,153758.1515
Spain,1993,144078.642,202729.6891
Spain,1994,144520.6051,201770.1668
Spain,1995,191410.8509,241769.5558
Spain,1996,184383.9269,253163.207
Spain,1997,181302.8174,263688.0199
Spain,1998,247091.6748,334282.3518
Spain,1999,275632.4034,367615.0863
Spain,2000,299549.2585,436326.0589
Spain,2001,317401.1644,470411.5891
Spain,2002,447861.9194,642997.769
Spain,2003,626465.3912,874459.8363
Spain,2004,758770.5429,1104567.766
Spain,2005,797504.5382,1222011.478
Spain,2006,959595.7009,1646392.783
Spain,2007,1110658.549,2089554.678
Spain,2008,1041886.844,2108145.685
Spain,2009,1053700.265,2285785.093
Spain,2010,865182.4653,2056211.963
Spain,2011,819547.9254,2044063.327
Sweden,1970,3949.68802,4324.494574
Sweden,1971,4206.231806,4501.696537
Sweden,1972,5137.068157,5682.220203
Sweden,1973,7319.84138,7567.695502
Sweden,1974,9924.377791,10039.41993
Sweden,1975,10683.58294,13308.68221
Sweden,1976,12746.72329,16618.78515
Sweden,1977,12739.65092,18296.01937
Sweden,1978,14516.91315,23421.97693
Sweden,1979,17178.95533,28569.39726
Sweden,1980,19231.61859,36503.9868
Sweden,1981,18472.15363,38633.41788
Sweden,1982,16999.11,40578.52
Sweden,1983,19247.6,44744.41
Sweden,1984,19022.19,44385.12
Sweden,1985,22191.58,53574.95
Sweden,1986,25663.59,63645.7
Sweden,1987,34883.72,83105.33
Sweden,1988,35406.86,92739.97
Sweden,1989,45447.25,123976.18
Sweden,1990,63004.56,183046.71
Sweden,1991,64381.95,190613.97
Sweden,1992,66448.96,181598.8
Sweden,1993,54314.44572,181128.4398
Sweden,1994,64196.2072,201702.0706
Sweden,1995,87561.20273,226938.2115
Sweden,1996,101149.7599,230825.2074
Sweden,1997,83495.11235,201184.4611
Sweden,1998,96911.05322,226105.9422
Sweden,1999,107683.2845,219354.8387
Sweden,2000,126271.6308,232098.8611
Sweden,2001,110522.6154,240009.8388
Sweden,2002,132124.6459,278635.439
Sweden,2003,181244.0884,352700.3854
Sweden,2004,238109.6363,430865.0561
Sweden,2005,241128.8701,432750.3016
Sweden,2006,360992.9491,523570.8875
Sweden,2007,464793.5637,647062.4922
Sweden,2008,403682.1755,627992.7278
Sweden,2009,419166.7252,676187.8023
Sweden,2010,456672.8766,706118.584
Sweden,2011,492029.9955,755799.4146
Switzerland,1970,20201.37834,11086.83399
Switzerland,1971,24547.73217,11978.3212
Switzerland,1972,28947.06277,13509.80603
Switzerland,1973,33307.99961,15504.55479
Switzerland,1974,43108.68152,19991.07987
Switzerland,1975,47327.98497,20402.43583
Switzerland,1976,62554.89045,34482.40736
Switzerland,1977,80197.64821,43195.73361
Switzerland,1978,108266.086,57581.93161
Switzerland,1979,127376.3173,66913.11785
Switzerland,1980,130147.2611,69681.2884
Switzerland,1981,142370.6541,79365.27994
Switzerland,1982,146284.9983,77434.41345
Switzerland,1983,126665.29,76474.42
Switzerland,1984,131866.93,72227.47
Switzerland,1985,181738.3097,96681.97104
Switzerland,1986,244089.0052,131267.0947
Switzerland,1987,329688.4977,176265.2393
Switzerland,1988,321773.6702,169230.736
Switzerland,1989,343707.7271,192813.855
Switzerland,1990,420106.5226,247329.1943
Switzerland,1991,423410.5496,245248.8797
Switzerland,1992,415358.4478,240769.2345
Switzerland,1993,425727.0024,240834.3324
Switzerland,1994,487024.7808,306073.5361
Switzerland,1995,548622.425,339652.5824
Switzerland,1996,596472.5936,374876.837
Switzerland,1997,631552.2573,413216.77
Switzerland,1998,756517.0541,464493.9502
Switzerland,1999,743311.1149,520012.7759
Switzerland,2000,816466.253,600195.7253
Switzerland,2001,779103.2961,577983.0905
Switzerland,2002,953492.9349,674534.5237
Switzerland,2003,1045700.12,704240.2594
Switzerland,2004,1160993.973,788261.8326
Switzerland,2005,1175725.023,830771.1121
Switzerland,2006,1340429.46,932283.9687
Switzerland,2007,1818788.929,1317319.617
Switzerland,2008,1547968.096,1067917.519
Switzerland,2009,1543885.461,1061929.117
Switzerland,2010,1514878.552,1134377.382
Switzerland,2011,1506839.391,1181928.005
Turkey,1970,424.6753756,2746.452836
Turkey,1971,505.2370999,3287.19
Turkey,1972,605.3638145,3554.57
Turkey,1973,730.8099282,4204.21
Turkey,1974,832.0875245,4632.82
Turkey,1975,1261.366427,5058.84
Turkey,1976,1979.516656,6001.28
Turkey,1977,1940.386675,11452.3
Turkey,1978,2276.444154,14855
Turkey,1979,2714.930111,15928.4
Turkey,1980,3276.560418,19131.1
Turkey,1981,3524,19235.5
Turkey,1982,3705,19716
Turkey,1983,3528,20324.1
Turkey,1984,5153,21608.6
Turkey,1985,5026,26012.6
Turkey,1986,5339,32933.7
Turkey,1987,6284,40943.6
Turkey,1988,7712,40992.9
Turkey,1989,7341,42063.64
Turkey,1990,7750,50285
Turkey,1991,10313,50578
Turkey,1992,13455,55736
Turkey,1993,17170,67452
Turkey,1994,14717,66026.79468
Turkey,1995,15491,74014.52865
Turkey,1996,16547,79298
Turkey,1997,18957,84356
Turkey,1998,22022,96351
Turkey,1999,25039,109436
Turkey,2000,26196,125231
Turkey,2001,27623,111636
Turkey,2002,28293.33454,125603.2359
Turkey,2003,32333.64588,137139.8492
Turkey,2004,41185.23949,159216.8183
Turkey,2005,46306.68625,176770.4905
Turkey,2006,71737.88814,220907.1169
Turkey,2007,81397.49336,264822.2184
Turkey,2008,94273.10829,282771.2055
Turkey,2009,83686.1835,266594.5193
Turkey,2010,75584.3199,297791.3954
Turkey,2011,62982.09152,319259.8172
United Kingdom,1970,47390.65828,62402.17665
United Kingdom,1971,58759.67828,76326.5559
United Kingdom,1972,73627.7107,90186.53293
United Kingdom,1973,103301.317,122539.1491
United Kingdom,1974,125576.0081,149851.4488
United Kingdom,1975,141357.0494,166789.978
United Kingdom,1976,161968.0204,188454.2303
United Kingdom,1977,189573.8047,226656.4869
United Kingdom,1978,240368.773,271434.1819
United Kingdom,1979,318043.86,360383.5459
United Kingdom,1980,407930,433200
United Kingdom,1981,487070,502280
United Kingdom,1982,523780,540540
United Kingdom,1983,545320,559740
United Kingdom,1984,563749.8025,571713.4615
United Kingdom,1985,656226.238,668088.472
United Kingdom,1986,797856.3735,802607.2125
United Kingdom,1987,947927.8505,1000253.119
United Kingdom,1988,976988.859,1069434.405
United Kingdom,1989,1064574.94,1169505.604
United Kingdom,1990,1263404.904,1415109.584
United Kingdom,1991,1236560.761,1396653.396
United Kingdom,1992,1252022.184,1376709.264
United Kingdom,1993,1422174.18,1563443.63
United Kingdom,1994,1486820.313,1673792.188
United Kingdom,1995,1690152.55,1932188.15
United Kingdom,1996,1972456.23,2234055.204
United Kingdom,1997,2379780.163,2572841.467
United Kingdom,1998,2508394.977,2737528.794
United Kingdom,1999,2450095.477,2780072.222
United Kingdom,2000,2770197.674,3052201.091
United Kingdom,2001,2980157.186,3322776.475
United Kingdom,2002,3357940.306,3849939.033
United Kingdom,2003,4243227.763,4816869.606
United Kingdom,2004,5320572.435,6130286.777
United Kingdom,2005,5955222.144,6724699.651
United Kingdom,2006,7369700.715,8233954.651
United Kingdom,2007,9386483.942,10472400.87
United Kingdom,2008,7715696.602,8593873.864
United Kingdom,2009,7673267.117,8673447.638
United Kingdom,2010,7990290.083,8828828.749
United Kingdom,2011,8450704.302,9335584.05
United States,1970,68925,71296.68545
United States,1971,76436,94362.23827
United States,1972,85128,114037.8907
United States,1973,96713,127523.7243
United States,1974,120747,155698.2829
United States,1975,145239,165422.6087
United States,1976,181134,199923.3333
United States,1977,202714,242666.6667
United States,1978,255536,299444.3333
United States,1979,292337,327525.6667
United States,1980,349690,353220
United States,1981,450710,405360
United States,1982,573490,503897
United States,1983,706067,605307
United States,1984,725524,709763
United States,1985,754047,841643
United States,1986,852304,1029282
United States,1987,911395,1193888
United States,1988,1043063,1381543
United States,1989,1151716,1573114
United States,1990,1190063,1660218
United States,1991,1204893,1745849
United States,1992,1206165,1873459
United States,1993,1321315,2071274
United States,1994,1410397,2269874
United States,1995,1634090,2686887
United States,1996,1875623,3077629
United States,1997,2157220,3577051
United States,1998,2278536,3783523
United States,1999,2419905,3992219
United States,2000,2725936,4511577
United States,2001,2872916,5092559
United States,2002,3249454,5857966.009
United States,2003,3320628.8,6311376.255
United States,2004,4092131.1,7727686.019
United States,2005,4614054,8551595.498
United States,2006,5692157.7,10494676.72
United States,2007,6762047.4,12130245.97
United States,2008,6546594.7,12227230.04
United States,2009,6592288.5,12154390.82
United States,2010,7240203.7,13093946.63
United States,2011,7217957.4,14006317.88
